Planet Name,Shiyard Level,Space Map,Land Map,Land Slots,X Coordinate,Y Coordinate,Galactic Model,Destroyed Model,Additional Population,Surface Accessible,Zoomed Index
Aargau,1,_Space_Planet_AbregadoRae_01.ted,_Land_Planet_Alderaan_02.ted,3,70,80,W_planet_Temperate01.alo,W_planet_Asteroids.alo,50,Yes,6
Aargonar,3,_Space_Planet_AbregadoRae_01.ted,_Land_Planet_AbregadoRae_02.ted,3,906,565,W_planet_tatooine_low.alo,W_planet_Asteroids.alo,50,Yes,1
Abhean,3,_Space_Planet_AbregadoRae_01.ted,_Land_Planet_AbregadoRae_02.ted,3,961,540,W_planet_tatooine_low.alo,W_planet_Asteroids.alo,50,Yes,0
Abregado_Rae,1,_Space_Planet_AbregadoRae_01.ted,_Land_Planet_AbregadoRae_02.ted,3,-90,-256,w_planet_alderaan-urban_low.alo,W_planet_Asteroids.alo,50,Yes,0
Adumar,3,_Space_Planet_AbregadoRae_01.ted,_Land_Planet_AbregadoRae_02.ted,3,-313,705,W_planet_eriadu_low.alo,W_planet_Asteroids.alo,50,Yes,0
Shola,0,_Space_Planet_Shola_01.ted,_Land_Planet_Shola_02.ted,3,919.13,-421.025,W_planet_Temperate01.alo,W_planet_Asteroids.alo,50,Yes,0
Galboron,1,_Space_Planet_Anaxes_01.ted,_Land_Planet_Muunilinst_01.ted,4,426,-226,W_planet_Temperate01.alo,W_planet_Asteroids.alo,50,Yes,0
Nooli,1,_Space_Planet_AbregadoRae_01.ted,_Land_Planet_AbregadoRae_02.ted,3,568.878,-368.918,W_planet_Temperate01.alo,W_planet_Asteroids.alo,50,Yes,0
Fahna,0,_Space_Planet_Anaxes_01.ted,_Land_Planet_Anaxes_02.ted,4,-80,-545,W_planet_Temperate01.alo,W_planet_Asteroids.alo,50,Yes,8
Tosste,0,_Space_Planet_AbregadoRae_01.ted,_Land_Planet_AbregadoRae_02.ted,3,33.685,-989.33,W_planet_Temperate01.alo,W_planet_Asteroids.alo,50,Yes,0
Polus,1,_Space_Planet_AbregadoRae_01.ted,_Land_Planet_AbregadoRae_02.ted,3,147.685,354.399,W_planet_Temperate01.alo,W_planet_Asteroids.alo,50,Yes,0
Leritor,1,_Space_Planet_AbregadoRae_01.ted,_Land_Planet_AbregadoRae_02.ted,3,578.249,-533.945,W_planet_Temperate01.alo,W_planet_Asteroids.alo,50,Yes,0
AetenII,1,_Space_Planet_AetenII_01.ted,_Land_Planet_AetenII.ted,3,-279,763,w_planet_volcanic01.alo,W_planet_Asteroids.alo,50,Yes,3
Agamar,3,_Space_Planet_AbregadoRae_01.ted,_Land_Planet_AbregadoRae_02.ted,3,189,816,W_planet_alderaan_low.alo,W_planet_Asteroids.alo,50,Yes,0
Agomar,3,_Space_Planet_AbregadoRae_01.ted,_Land_Planet_AbregadoRae_02.ted,3,140,-850,W_planet_Forest01.alo,W_planet_Asteroids.alo,50,Yes,0
Ahch_To,3,_Space_Planet_AbregadoRae_01.ted,_Land_Planet_AbregadoRae_02.ted,3,-931,-321,,W_planet_Asteroids.alo,50,Yes,0
Ajan_Kloss,3,_Space_Planet_AbregadoRae_01.ted,_Land_Planet_AbregadoRae_02.ted,3,90,750,,W_planet_Asteroids.alo,50,Yes,5
Alagon,3,_Space_Planet_AbregadoRae_01.ted,_Land_Planet_AbregadoRae_02.ted,3,760,540,W_planet_Asteroids.alo,W_planet_Asteroids.alo,50,Yes,1
Alderaan,0,_Space_Planet_Alderaan_01.ted,_Land_Planet_Alderaan_02.ted,3,185,60,W_planet_Forest01.alo,W_planet_Asteroids.alo,50,Yes,0
Alsakan,3,_Space_Planet_AbregadoRae_01.ted,_Land_Planet_AbregadoRae_02.ted,3,25,215,W_planet_Urban01.alo,W_planet_Asteroids.alo,50,Yes,6
AlzocIII,1,_Space_Planet_AlzocIII_01.ted,_Land_Planet_AlzocIII_02.ted,3,681,-968,W_planet_Ice01.alo,W_planet_Asteroids.alo,50,Yes,4
Amrac,3,_Space_Planet_AbregadoRae_01.ted,_Land_Planet_AbregadoRae_02.ted,3,-900,400,W_planet_dagobah_low.alo,W_planet_Asteroids.alo,50,Yes,8
Anaxes,2,_Space_Planet_Anaxes_01.ted,_Land_Planet_Anaxes_02.ted,3,65,265,W_planet_Temperate01.alo,W_planet_Asteroids.alo,50,Yes,6
Ando,1,_Space_Planet_AbregadoRae_01.ted,_Land_Planet_AbregadoRae_02.ted,3,760,-553,W_planet_dagobah_low.alo,W_planet_Asteroids.alo,50,Yes,2
Annaj,3,_Space_Planet_AbregadoRae_01.ted,_Land_Planet_AbregadoRae_02.ted,3,-476,-713,W_planet_Gas01.alo,W_planet_Asteroids.alo,50,Yes,2
Ansion,3,_Space_Planet_AbregadoRae_01.ted,_Land_Planet_AbregadoRae_02.ted,3,-329,620,W_planet_Temperate01.alo,W_planet_Asteroids.alo,50,Yes,0
Antemeridias,3,_Space_Planet_AbregadoRae_01.ted,_Land_Planet_AbregadoRae_02.ted,3,1030,595,W_planet_Urban01.alo,W_planet_Asteroids.alo,50,Yes,6
Anx_Minor,3,_Space_Planet_AbregadoRae_01.ted,_Land_Planet_AbregadoRae_02.ted,3,43,1017,W_planet_Temperate01.alo,W_planet_Asteroids.alo,50,Yes,4
Atchorb,3,_Space_Planet_AbregadoRae_01.ted,_Land_Planet_AbregadoRae_02.ted,3,1180,1200,W_planet_Temperate01.alo,W_planet_Asteroids.alo,50,Yes,0
Atravis,3,_Space_Planet_AbregadoRae_01.ted,_Land_Planet_AbregadoRae_02.ted,3,37,-1011,W_planet_Temperate01.alo,W_planet_Asteroids.alo,50,Yes,6
Atzerri,1,_Space_Planet_Atzerri_01.ted,_Land_Planet_Atzerri_02.ted,3,262,-349,W_planet_Swamp01.alo,W_planet_Asteroids.alo,50,Yes,5
Axxila,2,_Space_Planet_AbregadoRae_01.ted,_Land_Planet_AbregadoRae_02.ted,3,465,809,W_planet_Urban01.alo,W_planet_Asteroids.alo,50,Yes,6
Bakura,3,_Space_Planet_AbregadoRae_01.ted,_Land_Planet_AbregadoRae_02.ted,3,-623,-631,W_planet_Dantooine01.alo,W_planet_Asteroids.alo,50,Yes,0
Balamak,3,_Space_Planet_AbregadoRae_01.ted,_Land_Planet_AbregadoRae_02.ted,3,876,195,W_planet_Moncalamari01.alo,W_planet_Asteroids.alo,50,Yes,0
Balmorra,1,_Space_Planet_AbregadoRae_01.ted,_Land_Planet_AbregadoRae_02.ted,3,320,110,W_planet_alderaan_low.alo,W_planet_Asteroids.alo,50,Yes,6
Bandomeer,3,_Space_Planet_AbregadoRae_01.ted,_Land_Planet_AbregadoRae_02.ted,3,455,646,W_planet_eriadu_low.alo,W_planet_Asteroids.alo,50,Yes,1
Black_Bantha_Nebula,3,_Space_Planet_AbregadoRae_01.ted,_Land_Planet_AbregadoRae_02.ted,3,-265,420,W_planet_Asteroids.alo,W_planet_Asteroids.alo,50,Yes,8
Barab,3,_Space_Planet_AbregadoRae_01.ted,_Land_Planet_AbregadoRae_02.ted,3,1442,-231,W_planet_ryloth_low.alo,W_planet_Asteroids.alo,50,Yes,2
Barlok,3,_Space_Planet_AbregadoRae_01.ted,_Land_Planet_AbregadoRae_02.ted,3,24,342,W_planet_dagobah_low.alo,W_planet_Asteroids.alo,50,Yes,5
Basilisk,3,_Space_Planet_AbregadoRae_01.ted,_Land_Planet_AbregadoRae_02.ted,3,95,130,W_planet_tatooine_low.alo,W_planet_Asteroids.alo,50,Yes,1
Bassadro,3,_Space_Planet_AbregadoRae_01.ted,_Land_Planet_AbregadoRae_02.ted,3,65,-350,w_planet_volcanic01.alo,W_planet_Asteroids.alo,50,Yes,3
Bastion,3,_Space_Planet_AbregadoRae_01.ted,_Land_Planet_AbregadoRae_02.ted,3,-171,1190,W_planet_Urban01.alo,W_planet_Asteroids.alo,50,Yes,6
Batuu,3,_Space_Planet_AbregadoRae_01.ted,_Land_Planet_AbregadoRae_02.ted,3,-580,-500,,W_planet_Asteroids.alo,50,Yes,5
Belderone,3,_Space_Planet_AbregadoRae_01.ted,_Land_Planet_AbregadoRae_02.ted,3,1077,610,W_planet_Temperate01.alo,W_planet_Asteroids.alo,50,Yes,0
Belgaroth,3,_Space_Planet_AbregadoRae_01.ted,_Land_Planet_AbregadoRae_02.ted,3,-160,-285,W_planet_Urban01.alo,W_planet_Asteroids.alo,50,Yes,0
Belkadan,3,_Space_Planet_AbregadoRae_01.ted,_Land_Planet_AbregadoRae_02.ted,3,45,1320,W_planet_dagobah_low.alo,W_planet_Asteroids.alo,50,Yes,2
Belsavis,0,_Space_Planet_AbregadoRae_01.ted,_Land_Planet_AbregadoRae_02.ted,3,-16,-876,W_planet_Ice01.alo,W_planet_Asteroids.alo,50,Yes,4
Belsmuth,3,_Space_Planet_AbregadoRae_01.ted,_Land_Planet_AbregadoRae_02.ted,3,500,690,W_planet_Temperate01.alo,W_planet_Asteroids.alo,50,Yes,0
Bescane,3,_Space_Planet_AbregadoRae_01.ted,_Land_Planet_AbregadoRae_02.ted,3,-225,1135,W_planet_eriadu_low.alo,W_planet_Asteroids.alo,50,Yes,6
Bespin,1,_Space_Planet_Bespin_01.ted,_Land_Planet_Bespin_02.ted,3,-179,-895,W_planet_Gas01.alo,W_planet_Asteroids.alo,50,Yes,6
Bestine,2,_Space_Planet_Bestine_01.ted,_Land_Planet_Bestine_02.ted,3,143,-379,W_planet_Moncalamari01.alo,W_planet_Asteroids.alo,50,Yes,0
Bilbringi,3,_Space_Planet_AbregadoRae_01.ted,_Land_Planet_AbregadoRae_02.ted,3,-215,390,W_planet_Kessel_low.alo,W_planet_Asteroids.alo,50,Yes,1
Bimmiel,0,_Space_Planet_AbregadoRae_01.ted,_Land_Planet_AbregadoRae_02.ted,3,262,1151,W_planet_dagobah_low.alo,W_planet_Asteroids.alo,50,Yes,1
Bimmisaari,1,_Space_Planet_AbregadoRae_01.ted,_Land_Planet_AbregadoRae_02.ted,3,1038,304,W_planet_Forest01.alo,W_planet_Asteroids.alo,50,Yes,5
Ord_Biniir,3,_Space_Planet_AbregadoRae_01.ted,_Land_Planet_AbregadoRae_02.ted,3,-49,863,W_planet_tatooine_low.alo,W_planet_Asteroids.alo,50,Yes,5
Bknos,3,_Space_Planet_AbregadoRae_01.ted,_Land_Planet_AbregadoRae_02.ted,3,-740,-520,W_planet_Kessel_low.alo,W_planet_Asteroids.alo,50,Yes,8
Bogo_Rai,3,_Space_Planet_AbregadoRae_01.ted,_Land_Planet_AbregadoRae_02.ted,3,-995,285,,W_planet_Asteroids.alo,50,Yes,8
Bomis_Koori,1,_Space_Planet_AbregadoRae_01.ted,_Land_Planet_AbregadoRae_02.ted,3,-132,-671,W_planet_desert01.alo,W_planet_Asteroids.alo,50,Yes,6
Bonadan,3,_Space_Planet_AbregadoRae_01.ted,_Land_Planet_AbregadoRae_02.ted,3,1200,1125,W_planet_bonadan_low.alo,W_planet_Asteroids.alo,50,Yes,6
Borleias,3,_Space_Planet_AbregadoRae_01.ted,_Land_Planet_AbregadoRae_02.ted,3,-116,275,W_planet_dagobah_low.alo,W_planet_Asteroids.alo,50,Yes,5
Bormus,3,_Space_Planet_AbregadoRae_01.ted,_Land_Planet_AbregadoRae_02.ted,3,283,-626,W_planet_Ice01.alo,W_planet_Asteroids.alo,50,Yes,0
Borosk,3,_Space_Planet_AbregadoRae_01.ted,_Land_Planet_AbregadoRae_02.ted,3,-178,837,W_planet_dagobah_low.alo,W_planet_Asteroids.alo,50,Yes,6
Botajef,3,_Space_Planet_AbregadoRae_01.ted,_Land_Planet_AbregadoRae_02.ted,3,550,720,W_planet_eriadu_low.alo,W_planet_Asteroids.alo,50,Yes,6
Bothawui,3,_Space_Planet_Bothawui_01.ted,_Land_Planet_Bothawui_02.ted,3,916,-356,W_planet_Temperate01.alo,W_planet_Asteroids.alo,50,Yes,6
Boz_Pity,3,_Space_Planet_AbregadoRae_01.ted,_Land_Planet_AbregadoRae_02.ted,3,1080,242,W_planet_Korriban01.alo,W_planet_Asteroids.alo,50,Yes,0
Bpfassh,3,_Space_Planet_AbregadoRae_01.ted,_Land_Planet_AbregadoRae_02.ted,3,125,-987,W_planet_dagobah_low.alo,W_planet_Asteroids.alo,50,Yes,1
Brentaal,3,_Space_Planet_AbregadoRae_01.ted,_Land_Planet_AbregadoRae_02.ted,3,195,153,W_planet_Urban01.alo,W_planet_Asteroids.alo,50,Yes,6
Byblos,3,_Space_Planet_AbregadoRae_01.ted,_Land_Planet_AbregadoRae_02.ted,3,277,-237,W_planet_Urban01.alo,W_planet_Asteroids.alo,50,Yes,6
Byss,3,_Space_Planet_AbregadoRae_01.ted,_Land_Planet_AbregadoRae_02.ted,3,-76,-55,W_planet_Temperate01.alo,W_planet_Asteroids.alo,50,Yes,6
Caamas,3,_Space_Planet_AbregadoRae_01.ted,_Land_Planet_AbregadoRae_02.ted,3,140,106,W_planet_dagobah_low.alo,W_planet_Asteroids.alo,50,Yes,2
Cal_Seti,3,_Space_Planet_AbregadoRae_01.ted,_Land_Planet_AbregadoRae_02.ted,3,-150,83,W_planet_Forest01.alo,W_planet_Asteroids.alo,50,Yes,1
Cantonica,3,_Space_Planet_AbregadoRae_01.ted,_Land_Planet_AbregadoRae_02.ted,3,1135,1050,,W_planet_Asteroids.alo,50,Yes,1
Ord_Cantrell,3,_Space_Planet_AbregadoRae_01.ted,_Land_Planet_AbregadoRae_02.ted,3,-21,773,W_planet_Urban01.alo,W_planet_Asteroids.alo,50,Yes,0
Carida,3,_Space_Planet_Carida_01.ted,_Land_Planet_Carida_02.ted,3,220,261,W_planet_Temperate01.alo,W_planet_Asteroids.alo,50,Yes,0
Carrivar,3,_Space_Planet_AbregadoRae_01.ted,_Land_Planet_AbregadoRae_02.ted,3,-590,140,,W_planet_Asteroids.alo,50,Yes,6
Casfield,3,_Space_Planet_AbregadoRae_01.ted,_Land_Planet_AbregadoRae_02.ted,3,825,500,,W_planet_Asteroids.alo,50,Yes,10
Castell,3,_Space_Planet_AbregadoRae_01.ted,_Land_Planet_AbregadoRae_02.ted,3,180,305,W_planet_Forest01.alo,W_planet_Asteroids.alo,50,Yes,6
Catlia,3,_Space_Planet_AbregadoRae_01.ted,_Land_Planet_AbregadoRae_02.ted,3,-545,395,W_planet_dagobah_low.alo,W_planet_Asteroids.alo,50,Yes,8
Cato_Neimoidia,3,_Space_Planet_AbregadoRae_01.ted,_Land_Planet_AbregadoRae_02.ted,3,305,-80,W_planet_Moncalamari01.alo,W_planet_Asteroids.alo,50,Yes,1
Cattamascar,3,_Space_Planet_AbregadoRae_01.ted,_Land_Planet_AbregadoRae_02.ted,3,-620,-560,W_planet_lwhekk01.alo,W_planet_Asteroids.alo,50,Yes,8
Cauldron_Nebula,3,_Space_Planet_AbregadoRae_01.ted,_Land_Planet_AbregadoRae_02.ted,3,560,1080,W_planet_Asteroids.alo,W_planet_Asteroids.alo,50,Yes,8
Cejansij,3,_Space_Planet_AbregadoRae_01.ted,_Land_Planet_AbregadoRae_02.ted,3,1065,180,W_planet_alderaan_low.alo,W_planet_Asteroids.alo,50,Yes,1
Celanon,2,_Space_Planet_AbregadoRae_01.ted,_Land_Planet_AbregadoRae_02.ted,3,588,766,W_planet_Dantooine01.alo,W_planet_Asteroids.alo,50,Yes,0
Celwis,3,_Space_Planet_AbregadoRae_01.ted,_Land_Planet_AbregadoRae_02.ted,3,-650,301,W_planet_Temperate01.alo,W_planet_Asteroids.alo,50,Yes,8
Centares,1,_Space_Planet_AbregadoRae_01.ted,_Land_Planet_AbregadoRae_02.ted,3,1002,562,W_planet_eriadu_low.alo,W_planet_Asteroids.alo,50,Yes,0
Cerea,3,_Space_Planet_AbregadoRae_01.ted,_Land_Planet_AbregadoRae_02.ted,3,-378,-673,W_planet_Dantooine01.alo,W_planet_Asteroids.alo,50,Yes,0
Ord_Cestus,3,_Space_Planet_AbregadoRae_01.ted,_Land_Planet_AbregadoRae_02.ted,3,515,769,W_planet_tatooine_low.alo,W_planet_Asteroids.alo,50,Yes,1
Champala,3,_Space_Planet_AbregadoRae_01.ted,_Land_Planet_AbregadoRae_02.ted,3,107,337,W_planet_dagobah_low.alo,W_planet_Asteroids.alo,50,Yes,0
Chandrila,3,_Space_Planet_AbregadoRae_01.ted,_Land_Planet_AbregadoRae_02.ted,3,140,197,W_planet_dagobah_low.alo,W_planet_Asteroids.alo,50,Yes,0
Chardaan,3,_Space_Planet_AbregadoRae_01.ted,_Land_Planet_AbregadoRae_02.ted,3,335,-385,W_planet_Kuat_low.alo,W_planet_Asteroids.alo,50,Yes,6
Charros,1,_Space_Planet_AbregadoRae_01.ted,_Land_Planet_AbregadoRae_02.ted,3,962,242,W_planet_Temperate01.alo,W_planet_Asteroids.alo,50,Yes,1
Charubah,3,_Space_Planet_AbregadoRae_01.ted,_Land_Planet_AbregadoRae_02.ted,3,500,240,W_planet_Temperate01.alo,W_planet_Asteroids.alo,50,Yes,0
Chasin,3,_Space_Planet_AbregadoRae_01.ted,_Land_Planet_AbregadoRae_02.ted,3,110,-230,W_planet_Urban01.alo,W_planet_Asteroids.alo,50,Yes,6
Chazwa,3,_Space_Planet_AbregadoRae_01.ted,_Land_Planet_AbregadoRae_02.ted,3,298,340,W_planet_Dantooine01.alo,W_planet_Asteroids.alo,50,Yes,4
Chorax,3,_Space_Planet_AbregadoRae_01.ted,_Land_Planet_AbregadoRae_02.ted,3,315,-20,W_planet_alderaan_low.alo,W_planet_Asteroids.alo,50,Yes,1
Nam_Chorios,3,_Space_Planet_AbregadoRae_01.ted,_Land_Planet_AbregadoRae_02.ted,3,969,640,W_planet_Dantooine01.alo,W_planet_Asteroids.alo,50,Yes,1
Christophsis,3,_Space_Planet_AbregadoRae_01.ted,_Land_Planet_AbregadoRae_02.ted,3,805,-657,W_planet_Dantooine01.alo,W_planet_Asteroids.alo,50,Yes,6
Chrondre,3,_Space_Planet_AbregadoRae_01.ted,_Land_Planet_AbregadoRae_02.ted,3,890,-570,W_planet_Ice01.alo,W_planet_Asteroids.alo,50,Yes,4
Circumtore,3,_Space_Planet_AbregadoRae_01.ted,_Land_Planet_AbregadoRae_02.ted,3,1119,-209,W_planet_alderaan_low.alo,W_planet_Asteroids.alo,50,Yes,1
Ciutric,2,_Space_Planet_AbregadoRae_01.ted,_Land_Planet_AbregadoRae_02.ted,3,314,928,W_planet_Temperate01.alo,W_planet_Asteroids.alo,50,Yes,0
Clakdor,3,_Space_Planet_AbregadoRae_01.ted,_Land_Planet_AbregadoRae_02.ted,3,208,-928,W_planet_Moncalamari01.alo,W_planet_Asteroids.alo,50,Yes,2
Colla,3,_Space_Planet_AbregadoRae_01.ted,_Land_Planet_AbregadoRae_02.ted,3,349,277,W_planet_dagobah_low.alo,W_planet_Asteroids.alo,50,Yes,2
Columex,3,_Space_Planet_AbregadoRae_01.ted,_Land_Planet_AbregadoRae_02.ted,3,1044,665,W_planet_Urban01.alo,W_planet_Asteroids.alo,50,Yes,6
Columus,3,_Space_Planet_AbregadoRae_01.ted,_Land_Planet_AbregadoRae_02.ted,3,132,-31,W_planet_Forest01.alo,W_planet_Asteroids.alo,50,Yes,2
Comkin,3,_Space_Planet_AbregadoRae_01.ted,_Land_Planet_AbregadoRae_02.ted,3,299,452,W_planet_Temperate01.alo,W_planet_Asteroids.alo,50,Yes,5
Commenor,1,_Space_Planet_AbregadoRae_01.ted,_Land_Planet_AbregadoRae_02.ted,3,360,20,W_planet_alderaan_low.alo,W_planet_Asteroids.alo,50,Yes,6
Comra,3,_Space_Planet_AbregadoRae_01.ted,_Land_Planet_AbregadoRae_02.ted,3,-226,798,W_planet_dagobah_low.alo,W_planet_Asteroids.alo,50,Yes,2
Concord_Dawn,3,_Space_Planet_AbregadoRae_01.ted,_Land_Planet_AbregadoRae_02.ted,3,500,500,W_planet_Forest01.alo,W_planet_Asteroids.alo,50,Yes,1
Contruum,3,_Space_Planet_AbregadoRae_01.ted,_Land_Planet_AbregadoRae_02.ted,3,604,353,W_planet_dagobah_low.alo,W_planet_Asteroids.alo,50,Yes,0
Copero,3,_Space_Planet_AbregadoRae_01.ted,_Land_Planet_AbregadoRae_02.ted,3,-810,260,W_planet_Dantooine01.alo,W_planet_Asteroids.alo,50,Yes,1
Cophrigin,3,_Space_Planet_AbregadoRae_01.ted,_Land_Planet_AbregadoRae_02.ted,3,1300,569,W_planet_Dantooine01.alo,W_planet_Asteroids.alo,50,Yes,5
Corellia,3,_Space_Planet_Corellia_01.ted,_Land_Planet_Corellia_02.ted,3,179,-109,W_planet_Temperate01.alo,W_planet_Asteroids.alo,50,Yes,6
Cormit,3,_Space_Planet_AbregadoRae_01.ted,_Land_Planet_AbregadoRae_02.ted,3,-700,320,W_planet_Urban01.alo,W_planet_Asteroids.alo,50,Yes,8
Corsin,3,_Space_Planet_AbregadoRae_01.ted,_Land_Planet_AbregadoRae_02.ted,3,232,490,W_planet_Temperate01.alo,W_planet_Asteroids.alo,50,Yes,0
Corthenia,3,_Space_Planet_AbregadoRae_01.ted,_Land_Planet_AbregadoRae_02.ted,3,-100,560,W_planet_dagobah_low.alo,W_planet_Asteroids.alo,50,Yes,0
Corulag,3,_Space_Planet_AbregadoRae_01.ted,_Land_Planet_AbregadoRae_02.ted,3,85,210,W_planet_Forest01.alo,W_planet_Asteroids.alo,50,Yes,6
Coruscant,1,_Space_Planet_Coruscant_01.ted,_Land_Planet_Coruscant_02.ted,3,-10,165,W_planet_Urban01.alo,W_planet_Asteroids.alo,50,Yes,6
Corvis_Minor,1,_Space_Planet_AbregadoRae_01.ted,_Land_Planet_AbregadoRae_02.ted,3,390,994,W_planet_Temperate01.alo,W_planet_Asteroids.alo,50,Yes,0
Crait,3,_Space_Planet_AbregadoRae_01.ted,_Land_Planet_AbregadoRae_02.ted,3,370,-769,,W_planet_Asteroids.alo,50,Yes,1
Crakull,3,_Space_Planet_AbregadoRae_01.ted,_Land_Planet_AbregadoRae_02.ted,3,-697,45,,W_planet_Asteroids.alo,50,Yes,5
Crustai,3,_Space_Planet_AbregadoRae_01.ted,_Land_Planet_AbregadoRae_02.ted,3,-573,331,W_planet_dagobah_low.alo,W_planet_Asteroids.alo,50,Yes,8
Csaus,3,_Space_Planet_AbregadoRae_01.ted,_Land_Planet_AbregadoRae_02.ted,3,-855,210,,W_planet_Asteroids.alo,50,Yes,8
Csilla,3,_Space_Planet_AbregadoRae_01.ted,_Land_Planet_AbregadoRae_02.ted,3,-851,326,W_planet_Ice01.alo,W_planet_Asteroids.alo,50,Yes,4
Cularin,3,_Space_Planet_AbregadoRae_01.ted,_Land_Planet_AbregadoRae_02.ted,3,625,-360,W_planet_Forest01.alo,W_planet_Asteroids.alo,50,Yes,4
Da_Soocha,3,_Space_Planet_AbregadoRae_01.ted,_Land_Planet_AbregadoRae_02.ted,3,1251,-47,W_planet_Moncalamari01.alo,W_planet_Asteroids.alo,50,Yes,1
Dagobah,0,_Space_Planet_Dagobah_01.ted,_Land_Planet_Dagobah_02.ted,3,200,-1030,W_planet_dagobah_low.alo,W_planet_Asteroids.alo,50,Yes,2
Dantooine,1,_Space_Planet_Dantooine_01.ted,_Land_Planet_Dantooine_02.ted,3,-19,1045,W_planet_Dantooine01.alo,W_planet_Asteroids.alo,50,Yes,0
Darkon,3,_Space_Planet_AbregadoRae_01.ted,_Land_Planet_AbregadoRae_02.ted,3,-245,500,W_planet_Dantooine01.alo,W_planet_Asteroids.alo,50,Yes,0
Dathomir,1,_Space_Planet_Dathomir_01.ted,_Land_Planet_Dathomir_02.ted,3,448,722,W_planet_Forest01.alo,W_planet_Asteroids.alo,50,Yes,5
Deko_Neimoidia,3,_Space_Planet_AbregadoRae_01.ted,_Land_Planet_AbregadoRae_02.ted,3,400,-30,W_planet_Temperate01.alo,W_planet_Asteroids.alo,50,Yes,6
Delacrix,3,_Space_Planet_AbregadoRae_01.ted,_Land_Planet_AbregadoRae_02.ted,3,1356,265,W_planet_dagobah_low.alo,W_planet_Asteroids.alo,50,Yes,0
Dellalt,3,_Space_Planet_AbregadoRae_01.ted,_Land_Planet_AbregadoRae_02.ted,3,1315,653,W_planet_Dantooine01.alo,W_planet_Asteroids.alo,50,Yes,0
Denon,3,_Space_Planet_AbregadoRae_01.ted,_Land_Planet_AbregadoRae_02.ted,3,325,-255,W_planet_Urban01.alo,W_planet_Asteroids.alo,50,Yes,6
Derra,0,_Space_Planet_AbregadoRae_01.ted,_Land_Planet_AbregadoRae_02.ted,3,287,-535,W_planet_Forest01.alo,W_planet_Asteroids.alo,50,Yes,5
Desevro,3,_Space_Planet_AbregadoRae_01.ted,_Land_Planet_AbregadoRae_02.ted,3,1136,781,W_planet_Urban01.alo,W_planet_Asteroids.alo,50,Yes,6
Devaron,3,_Space_Planet_AbregadoRae_01.ted,_Land_Planet_AbregadoRae_02.ted,3,175,-323,W_planet_dagobah_low.alo,W_planet_Asteroids.alo,50,Yes,5
Dioya,3,_Space_Planet_AbregadoRae_01.ted,_Land_Planet_AbregadoRae_02.ted,3,-685,430,,W_planet_Asteroids.alo,50,Yes,8
Dolomar,3,_Space_Planet_AbregadoRae_01.ted,_Land_Planet_AbregadoRae_02.ted,3,-20,250,W_planet_dagobah_low.alo,W_planet_Asteroids.alo,50,Yes,4
Doornik,3,_Space_Planet_AbregadoRae_01.ted,_Land_Planet_AbregadoRae_02.ted,3,-230,100,W_planet_Temperate01.alo,W_planet_Asteroids.alo,50,Yes,1
DQar,3,_Space_Planet_AbregadoRae_01.ted,_Land_Planet_AbregadoRae_02.ted,3,506,-818,,W_planet_Asteroids.alo,50,Yes,5
Dromund,3,_Space_Planet_AbregadoRae_01.ted,_Land_Planet_AbregadoRae_02.ted,3,998,922,W_planet_Forest01.alo,W_planet_Asteroids.alo,50,Yes,2
Druckenwell,3,_Space_Planet_AbregadoRae_01.ted,_Land_Planet_AbregadoRae_02.ted,3,670,-516,W_planet_ralltiir_low.alo,W_planet_Asteroids.alo,50,Yes,6
Dubrillion,3,_Space_Planet_AbregadoRae_01.ted,_Land_Planet_AbregadoRae_02.ted,3,-65,1154,W_planet_Moncalamari01.alo,W_planet_Asteroids.alo,50,Yes,0
Durace,3,_Space_Planet_AbregadoRae_01.ted,_Land_Planet_AbregadoRae_02.ted,3,-520,740,W_planet_Korriban01.alo,W_planet_Asteroids.alo,50,Yes,1
Duro,3,_Space_Planet_AbregadoRae_01.ted,_Land_Planet_AbregadoRae_02.ted,3,173,-214,W_planet_Temperate01.alo,W_planet_Asteroids.alo,50,Yes,1
Dxun,3,_Space_Planet_AbregadoRae_01.ted,_Land_Planet_AbregadoRae_02.ted,3,560,150,W_planet_dagobah_low.alo,W_planet_Asteroids.alo,50,Yes,5
Eadu,3,_Space_Planet_AbregadoRae_01.ted,_Land_Planet_AbregadoRae_02.ted,3,1450,50,,W_planet_Asteroids.alo,50,Yes,1
Ebaq,3,_Space_Planet_AbregadoRae_01.ted,_Land_Planet_AbregadoRae_02.ted,3,40,-5,W_planet_Korriban01.alo,W_planet_Asteroids.alo,50,Yes,1
Eiattu,3,_Space_Planet_AbregadoRae_01.ted,_Land_Planet_AbregadoRae_02.ted,3,96,-780,W_planet_Moncalamari01.alo,W_planet_Asteroids.alo,50,Yes,2
Elrood,3,_Space_Planet_AbregadoRae_01.ted,_Land_Planet_AbregadoRae_02.ted,3,207,-1082,W_planet_Dantooine01.alo,W_planet_Asteroids.alo,50,Yes,0
Emberlene,3,_Space_Planet_AbregadoRae_01.ted,_Land_Planet_AbregadoRae_02.ted,3,713,-183,W_planet_Temperate01.alo,W_planet_Asteroids.alo,50,Yes,0
Emmer,3,_Space_Planet_AbregadoRae_01.ted,_Land_Planet_AbregadoRae_02.ted,3,1188,911,W_planet_Moncalamari01.alo,W_planet_Asteroids.alo,50,Yes,6
Empress_Teta,3,_Space_Planet_AbregadoRae_01.ted,_Land_Planet_AbregadoRae_02.ted,3,-65,30,W_planet_Urban01.alo,W_planet_Asteroids.alo,50,Yes,6
Enarc,1,_Space_Planet_AbregadoRae_01.ted,_Land_Planet_AbregadoRae_02.ted,3,540,-770,W_planet_Dantooine01.alo,W_planet_Asteroids.alo,50,Yes,6
Endor,3,_Space_Planet_AbregadoRae_01.ted,_Land_Planet_AbregadoRae_02.ted,3,-494,-645,W_planet_Forest01.alo,W_planet_Asteroids.alo,50,Yes,5
Entralla,3,_Space_Planet_AbregadoRae_01.ted,_Land_Planet_AbregadoRae_02.ted,3,-206,984,W_planet_Dantooine01.alo,W_planet_Asteroids.alo,50,Yes,6
EolSha,3,_Space_Planet_AbregadoRae_01.ted,_Land_Planet_AbregadoRae_02.ted,3,627,1127,W_planet_Volcanic01.alo,W_planet_Asteroids.alo,50,Yes,3
Eriadu,2,_Space_Planet_Eriadu_01.ted,_Land_Planet_Eriadu.ted,3,206,-871,W_planet_dagobah_low.alo,W_planet_Asteroids.alo,50,Yes,6
Esfandia,3,_Space_Planet_AbregadoRae_01.ted,_Land_Planet_AbregadoRae_02.ted,3,-429,704,W_planet_Urban01.alo,W_planet_Asteroids.alo,50,Yes,3
Ession,3,_Space_Planet_AbregadoRae_01.ted,_Land_Planet_AbregadoRae_02.ted,3,1100,1015,W_planet_eriadu_low.alo,W_planet_Asteroids.alo,50,Yes,6
Etti,3,_Space_Planet_AbregadoRae_01.ted,_Land_Planet_AbregadoRae_02.ted,3,1130,1111,W_planet_Temperate01.alo,W_planet_Asteroids.alo,50,Yes,0
Euceron,3,_Space_Planet_AbregadoRae_01.ted,_Land_Planet_AbregadoRae_02.ted,3,975,485,W_planet_dagobah_low.alo,W_planet_Asteroids.alo,50,Yes,6
Exegol,3,_Space_Planet_AbregadoRae_01.ted,_Land_Planet_AbregadoRae_02.ted,3,-858,515,,W_planet_Asteroids.alo,50,Yes,1
Exocron,3,_Space_Planet_AbregadoRae_01.ted,_Land_Planet_AbregadoRae_02.ted,3,190,-1180,W_planet_dagobah_low.alo,W_planet_Asteroids.alo,50,Yes,0
Explume_Minor,3,_Space_Planet_AbregadoRae_01.ted,_Land_Planet_AbregadoRae_02.ted,3,-770,70,,W_planet_Asteroids.alo,50,Yes,1
Farrfin,3,_Space_Planet_AbregadoRae_01.ted,_Land_Planet_AbregadoRae_02.ted,3,-60,210,W_planet_Moncalamari01.alo,W_planet_Asteroids.alo,50,Yes,6
Felucia,0,_Space_Planet_Felucia_01.ted,_Land_Planet_Felucia_00.ted,3,1012,770,W_planet_dagobah_low.alo,W_planet_Asteroids.alo,50,Yes,5
Filve,3,_Space_Planet_AbregadoRae_01.ted,_Land_Planet_AbregadoRae_02.ted,3,960,-510,W_planet_tatooine_low.alo,W_planet_Asteroids.alo,50,Yes,1
Florrum,3,_Space_Planet_AbregadoRae_01.ted,_Land_Planet_AbregadoRae_02.ted,3,1039,849,W_planet_Volcanic01.alo,W_planet_Asteroids.alo,50,Yes,1
Foerost,3,_Space_Planet_AbregadoRae_01.ted,_Land_Planet_AbregadoRae_02.ted,3,-30,100,W_planet_tatooine_low.alo,W_planet_Asteroids.alo,50,Yes,6
Foless,3,_Space_Planet_AbregadoRae_01.ted,_Land_Planet_AbregadoRae_02.ted,3,121,-330,W_planet_Urban01.alo,W_planet_Asteroids.alo,50,Yes,2
Fondor,3,_Space_Planet_Fondor_01.ted,_Land_Planet_Fondor_02.ted,3,-45,-319,W_planet_Urban01.alo,W_planet_Asteroids.alo,50,Yes,6
Formos,3,_Space_Planet_AbregadoRae_01.ted,_Land_Planet_AbregadoRae_02.ted,3,1424,94,W_planet_utapau_low.alo,W_planet_Asteroids.alo,50,Yes,1
Fresia,2,_Space_Planet_Fresia_01.ted,_Land_Planet_Fresia_02.ted,3,-115,125,W_planet_dagobah_low.alo,W_planet_Asteroids.alo,50,Yes,2
Gabredor,3,_Space_Planet_AbregadoRae_01.ted,_Land_Planet_AbregadoRae_02.ted,3,-81,1063,W_planet_dagobah_low.alo,W_planet_Asteroids.alo,50,Yes,5
Galantos,3,_Space_Planet_AbregadoRae_01.ted,_Land_Planet_AbregadoRae_02.ted,3,-178,17,W_planet_Volcanic01.alo,W_planet_Asteroids.alo,50,Yes,2
Galidraan,3,_Space_Planet_AbregadoRae_01.ted,_Land_Planet_AbregadoRae_02.ted,3,1075,716,W_planet_ice01.alo,W_planet_Asteroids.alo,50,Yes,4
Gamorr,3,_Space_Planet_AbregadoRae_01.ted,_Land_Planet_AbregadoRae_02.ted,3,1324,-394,W_planet_Dantooine01.alo,W_planet_Asteroids.alo,50,Yes,5
Garos,3,_Space_Planet_AbregadoRae_01.ted,_Land_Planet_AbregadoRae_02.ted,3,688,526,W_planet_Urban01.alo,W_planet_Asteroids.alo,50,Yes,0
Garqi,3,_Space_Planet_AbregadoRae_01.ted,_Land_Planet_AbregadoRae_02.ted,3,-104,830,W_planet_Dantooine01.alo,W_planet_Asteroids.alo,50,Yes,5
Gavryn,3,_Space_Planet_AbregadoRae_01.ted,_Land_Planet_AbregadoRae_02.ted,3,730,368,W_planet_Volcanic01.alo,W_planet_Asteroids.alo,50,Yes,3
Generis,3,_Space_Planet_AbregadoRae_01.ted,_Land_Planet_AbregadoRae_02.ted,3,91,869,W_planet_alderaan_low.alo,W_planet_Asteroids.alo,50,Yes,5
Geonosis,1,_Space_Planet_Geonosis_01.ted,_Land_Planet_Geonosis_02.ted,3,990,-700,W_planet_geonosis_low.alo,W_planet_Asteroids.alo,50,Yes,1
Geroon,3,_Space_Planet_AbregadoRae_01.ted,_Land_Planet_AbregadoRae_02.ted,3,-450,350,,W_planet_Asteroids.alo,50,Yes,0
Gestron,3,_Space_Planet_AbregadoRae_01.ted,_Land_Planet_AbregadoRae_02.ted,3,860,545,,W_planet_Asteroids.alo,50,Yes,8
Ghorman,3,_Space_Planet_AbregadoRae_01.ted,_Land_Planet_AbregadoRae_02.ted,3,-30,-383,W_planet_Forest01.alo,W_planet_Asteroids.alo,50,Yes,2
Glee_Anselm,3,_Space_Planet_AbregadoRae_01.ted,_Land_Planet_AbregadoRae_02.ted,3,-294,518,W_planet_alderaan_low.alo,W_planet_Asteroids.alo,50,Yes,0
Glom_Tho,3,_Space_Planet_AbregadoRae_01.ted,_Land_Planet_AbregadoRae_02.ted,3,500,-510,W_planet_Temperate01.alo,W_planet_Asteroids.alo,50,Yes,0
Glova,3,_Space_Planet_AbregadoRae_01.ted,_Land_Planet_AbregadoRae_02.ted,3,280,-1025,W_planet_Temperate01.alo,W_planet_Asteroids.alo,50,Yes,5
Gravan,3,_Space_Planet_AbregadoRae_01.ted,_Land_Planet_AbregadoRae_02.ted,3,539,390,W_planet_Volcanic01.alo,W_planet_Asteroids.alo,50,Yes,3
Alderaan_Graveyard,3,_Space_Planet_AbregadoRae_01.ted,_Land_Planet_AbregadoRae_02.ted,3,185,60,W_planet_Asteroids.alo,W_planet_Asteroids.alo,50,Yes,8
Gravlex_Med,3,_Space_Planet_AbregadoRae_01.ted,_Land_Planet_AbregadoRae_02.ted,3,112,1050,W_planet_Forest01.alo,W_planet_Asteroids.alo,50,Yes,1
Grho,3,_Space_Planet_AbregadoRae_01.ted,_Land_Planet_AbregadoRae_02.ted,3,-710,-610,W_planet_endor_low.alo,W_planet_Asteroids.alo,50,Yes,5
Gymelo,3,_Space_Planet_AbregadoRae_01.ted,_Land_Planet_AbregadoRae_02.ted,3,-668,-725,W_planet_Temperate01.alo,W_planet_Asteroids.alo,50,Yes,8
Gyndine,3,_Space_Planet_AbregadoRae_01.ted,_Land_Planet_AbregadoRae_02.ted,3,465,-144,W_planet_Urban01.alo,W_planet_Asteroids.alo,50,Yes,6
Hakassi,3,_Space_Planet_AbregadoRae_01.ted,_Land_Planet_AbregadoRae_02.ted,3,80,-45,W_planet_ice01.alo,W_planet_Asteroids.alo,50,Yes,1
Halanit,3,_Space_Planet_AbregadoRae_01.ted,_Land_Planet_AbregadoRae_02.ted,3,380,-190,W_planet_ice01.alo,W_planet_Asteroids.alo,50,Yes,4
Handooine,3,_Space_Planet_AbregadoRae_01.ted,_Land_Planet_AbregadoRae_02.ted,3,1144,515,W_planet_eriadu_low.alo,W_planet_Asteroids.alo,50,Yes,6
Hapes,3,_Space_Planet_AbregadoRae_01.ted,_Land_Planet_AbregadoRae_02.ted,3,547,200,W_planet_alderaan_low.alo,W_planet_Asteroids.alo,50,Yes,0
Hast,3,_Space_Planet_AbregadoRae_01.ted,_Land_Planet_AbregadoRae_02.ted,3,1400,772,W_planet_Kessel_low.alo,W_planet_Asteroids.alo,50,Yes,1
Helska,3,_Space_Planet_AbregadoRae_01.ted,_Land_Planet_AbregadoRae_02.ted,3,32,1250,W_planet_Ice01.alo,W_planet_Asteroids.alo,50,Yes,4
Herdessa,3,_Space_Planet_AbregadoRae_01.ted,_Land_Planet_AbregadoRae_02.ted,3,795,-600,W_planet_utapau_low.alo,W_planet_Asteroids.alo,50,Yes,1
Hewett,3,_Space_Planet_AbregadoRae_01.ted,_Land_Planet_AbregadoRae_02.ted,3,233,644,W_planet_tatooine_low.alo,W_planet_Asteroids.alo,50,Yes,5
Hijarna,3,_Space_Planet_AbregadoRae_01.ted,_Land_Planet_AbregadoRae_02.ted,3,270,280,W_planet_tatooine_low.alo,W_planet_Asteroids.alo,50,Yes,1
Honoghr,3,_Space_Planet_AbregadoRae_01.ted,_Land_Planet_AbregadoRae_02.ted,3,1348,70,W_planet_eriadu_low.aloo,W_planet_Asteroids.alo,50,Yes,1
Hosnian_Prime,3,_Space_Planet_AbregadoRae_01.ted,_Land_Planet_AbregadoRae_02.ted,3,220,-240,,W_planet_Asteroids.alo,50,Yes,6
Hoth,3,_Space_Planet_AbregadoRae_01.ted,_Land_Planet_AbregadoRae_02.ted,3,-115,-935,W_planet_Ice01.alo,W_planet_Asteroids.alo,50,Yes,4
Humbarine,3,_Space_Planet_AbregadoRae_01.ted,_Land_Planet_AbregadoRae_02.ted,3,260,5,W_planet_Urban01.alo,W_planet_Asteroids.alo,50,Yes,6
Hypori,1,_Space_Planet_Hypori_01.ted,_Land_Planet_Hypori.ted,3,1104,-630,W_planet_desert01.alo,W_planet_Asteroids.alo,50,Yes,1
Iego,3,_Space_Planet_AbregadoRae_01.ted,_Land_Planet_AbregadoRae_02.ted,3,1260,500,W_planet_Korriban01.alo,W_planet_Asteroids.alo,50,Yes,1
Prildaz,3,_Space_Planet_AbregadoRae_01.ted,_Land_Planet_AbregadoRae_02.ted,3,-300,5,W_planet_Gas01.alo,W_planet_Asteroids.alo,50,Yes,1
Ilum,3,_Space_Planet_AbregadoRae_01.ted,_Land_Planet_AbregadoRae_02.ted,3,-658,549,W_planet_Ice01.alo,W_planet_Asteroids.alo,50,Yes,4
Iol,3,_Space_Planet_AbregadoRae_01.ted,_Land_Planet_AbregadoRae_02.ted,3,-440,45,W_planet_desert01.alo,W_planet_Asteroids.alo,50,Yes,1
Iphigin,3,_Space_Planet_AbregadoRae_01.ted,_Land_Planet_AbregadoRae_02.ted,3,23,-269,W_planet_Dantooine01.alo,W_planet_Asteroids.alo,50,Yes,5
Iridonia,3,_Space_Planet_AbregadoRae_01.ted,_Land_Planet_AbregadoRae_02.ted,3,-207,609,W_planet_Volcanic01.alo,W_planet_Asteroids.alo,50,Yes,1
Iskadrell,3,_Space_Planet_AbregadoRae_01.ted,_Land_Planet_AbregadoRae_02.ted,3,-521,-363,W_planet_eriadu_low.aloo,W_planet_Asteroids.alo,50,Yes,1
Ithor,1,_Space_Planet_AbregadoRae_01.ted,_Land_Planet_AbregadoRae_02.ted,3,132,655,W_planet_dagobah_low.alo,W_planet_Asteroids.alo,50,Yes,5
Jabiim,0,_Space_Planet_Jabiim_01.ted,_Land_Planet_Jabiim.ted,3,1215,470,W_planet_Temperate01.alo,W_planet_Asteroids.alo,50,Yes,2
Jaemus,3,_Space_Planet_AbregadoRae_01.ted,_Land_Planet_AbregadoRae_02.ted,3,-167,1094,W_planet_Kuat_low.alo,W_planet_Asteroids.alo,50,Yes,6
Jakku,3,_Space_Planet_AbregadoRae_01.ted,_Land_Planet_AbregadoRae_02.ted,3,-423,-256,,W_planet_Asteroids.alo,50,Yes,1
Jaminere,3,_Space_Planet_AbregadoRae_01.ted,_Land_Planet_AbregadoRae_02.ted,3,1250,720,W_planet_dagobah_low.alo,W_planet_Asteroids.alo,50,Yes,0
Jardeen,3,_Space_Planet_AbregadoRae_01.ted,_Land_Planet_AbregadoRae_02.ted,3,-125,-560,W_planet_Ice01.alo,W_planet_Asteroids.alo,50,Yes,4
Jedha,3,_Space_Planet_AbregadoRae_01.ted,_Land_Planet_AbregadoRae_02.ted,3,-504,116,,W_planet_Asteroids.alo,50,Yes,1
Jomark,3,_Space_Planet_AbregadoRae_01.ted,_Land_Planet_AbregadoRae_02.ted,3,1054,545,W_planet_ralltiir_low.alo,W_planet_Asteroids.alo,50,Yes,0
Jtptan,3,_Space_Planet_AbregadoRae_01.ted,_Land_Planet_AbregadoRae_02.ted,3,-230,25,W_planet_Temperate01.alo,W_planet_Asteroids.alo,50,Yes,0
Feriae_Junction,3,_Space_Planet_AbregadoRae_01.ted,_Land_Planet_AbregadoRae_02.ted,3,615,830,W_planet_Forest01.alo,W_planet_Asteroids.alo,50,Yes,5
Kaal,3,_Space_Planet_AbregadoRae_01.ted,_Land_Planet_AbregadoRae_02.ted,3,-149,-737,W_planet_Moncalamari01.alo,W_planet_Asteroids.alo,50,Yes,0
Kafrene,3,_Space_Planet_AbregadoRae_01.ted,_Land_Planet_AbregadoRae_02.ted,3,-250,-510,,W_planet_Asteroids.alo,50,Yes,8
Kaikielius,3,_Space_Planet_AbregadoRae_01.ted,_Land_Planet_AbregadoRae_02.ted,3,5,50,W_planet_Temperate01.alo,W_planet_Asteroids.alo,50,Yes,6
Kalarba,3,_Space_Planet_AbregadoRae_01.ted,_Land_Planet_AbregadoRae_02.ted,3,580,-496,W_planet_Moncalamari01.alo,W_planet_Asteroids.alo,50,Yes,0
Kalee,3,_Space_Planet_AbregadoRae_01.ted,_Land_Planet_AbregadoRae_02.ted,3,-270,1057,W_planet_Temperate01.alo,W_planet_Asteroids.alo,50,Yes,0
Kaliida_Nebula,3,_Space_Planet_AbregadoRae_01.ted,_Land_Planet_AbregadoRae_02.ted,3,535,-692,W_planet_Asteroids.alo,W_planet_Asteroids.alo,50,Yes,8
Kalist,3,_Space_Planet_AbregadoRae_01.ted,_Land_Planet_AbregadoRae_02.ted,3,-39,-119,W_planet_Volcanic01.alo,W_planet_Asteroids.alo,50,Yes,1
Kalla,3,_Space_Planet_AbregadoRae_01.ted,_Land_Planet_AbregadoRae_02.ted,3,1165,990,W_planet_Moncalamari01.alo,W_planet_Asteroids.alo,50,Yes,4
Kamino,1,_Space_Planet_Kamino_01.ted,_Land_Planet_Kamino_01.ted,3,1055,-510,W_planet_kamino_low.alo,W_planet_Asteroids.alo,50,Yes,9
Kammia,3,_Space_Planet_AbregadoRae_01.ted,_Land_Planet_AbregadoRae_02.ted,3,-811,-620,W_planet_alderaan_low.alo,W_planet_Asteroids.alo,50,Yes,0
Kampe,2,_Space_Planet_AbregadoRae_01.ted,_Land_Planet_AbregadoRae_02.ted,3,-10,-80,W_planet_tatooine_low.alo,W_planet_Asteroids.alo,50,Yes,1
Kariek,3,_Space_Planet_AbregadoRae_01.ted,_Land_Planet_AbregadoRae_02.ted,3,-420,770,W_planet_Forest01.alo,W_planet_Asteroids.alo,50,Yes,5
Kashyyyk,0,_Space_Planet_Kashyyyk_01.ted,_Land_Planet_Kashyyyk_02.ted,3,728,142,W_planet_Forest01.alo,W_planet_Asteroids.alo,50,Yes,5
Katana_Space,3,_Space_Planet_AbregadoRae_01.ted,_Land_Planet_AbregadoRae_02.ted,3,-350,-630,W_planet_Asteroids.alo,W_planet_Asteroids.alo,50,Yes,8
Kauron,3,_Space_Planet_AbregadoRae_01.ted,_Land_Planet_AbregadoRae_02.ted,3,580,1010,W_planet_Kessel_low.alo,W_planet_Asteroids.alo,50,Yes,1
Kem_Stor_Ai,3,_Space_Planet_AbregadoRae_01.ted,_Land_Planet_AbregadoRae_02.ted,3,800,565,,W_planet_Asteroids.alo,50,Yes,8
Kessel,1,_Space_Planet_Kessel_01.ted,_Land_Planet_Kessel_02.ted,3,1279,110,W_planet_Kessel_low.alo,W_planet_Asteroids.alo,50,Yes,1
Ketaris,3,_Space_Planet_AbregadoRae_01.ted,_Land_Planet_AbregadoRae_02.ted,3,109,798,W_planet_Moncalamari01.alo,W_planet_Asteroids.alo,50,Yes,0
Khomm,3,_Space_Planet_AbregadoRae_01.ted,_Land_Planet_AbregadoRae_02.ted,3,-31,-182,W_planet_Dantooine01.alo,W_planet_Asteroids.alo,50,Yes,6
Kinoss,3,_Space_Planet_AbregadoRae_01.ted,_Land_Planet_AbregadoRae_02.ted,3,-930,326,W_planet_alderaan_low.alo,W_planet_Asteroids.alo,50,Yes,8
Klatooine,3,_Space_Planet_AbregadoRae_01.ted,_Land_Planet_AbregadoRae_02.ted,3,1227,283,W_planet_dagobah_low.alo,W_planet_Asteroids.alo,50,Yes,1
Kooriva,3,_Space_Planet_AbregadoRae_01.ted,_Land_Planet_AbregadoRae_02.ted,3,210,-385,W_planet_Forest01.alo,W_planet_Asteroids.alo,50,Yes,5
Korda,3,_Space_Planet_AbregadoRae_01.ted,_Land_Planet_AbregadoRae_02.ted,3,490,364,W_planet_Temperate01.alo,W_planet_Asteroids.alo,50,Yes,0
Korriban,3,_Space_Planet_AbregadoRae_01.ted,_Land_Planet_AbregadoRae_02.ted,3,957,873,W_planet_Korriban01.alo,W_planet_Asteroids.alo,50,Yes,1
Koru_Neimoidia,3,_Space_Planet_AbregadoRae_01.ted,_Land_Planet_AbregadoRae_02.ted,3,406,72,W_planet_Temperate01.alo,W_planet_Asteroids.alo,50,Yes,6
Kothlis,3,_Space_Planet_AbregadoRae_01.ted,_Land_Planet_AbregadoRae_02.ted,3,960,-420,W_planet_Temperate01.alo,W_planet_Asteroids.alo,50,Yes,0
Krant,3,_Space_Planet_AbregadoRae_01.ted,_Land_Planet_AbregadoRae_02.ted,3,975,-355,W_planet_Forest01.alo,W_planet_Asteroids.alo,50,Yes,5
Kuat,3,_Space_Planet_Kuat_01.ted,_Land_Planet_Kuat_02.ted,3,258,73,W_planet_Kuat_low.alo,W_planet_Asteroids.alo,50,Yes,0
Kwenn,3,_Space_Planet_AbregadoRae_01.ted,_Land_Planet_AbregadoRae_02.ted,3,1025,25,W_planet_eriadu_low.alo,W_planet_Asteroids.alo,50,Yes,4
Lantillies,3,_Space_Planet_AbregadoRae_01.ted,_Land_Planet_AbregadoRae_02.ted,3,660,325,W_planet_Urban01.alo,W_planet_Asteroids.alo,50,Yes,6
Levian,3,_Space_Planet_AbregadoRae_01.ted,_Land_Planet_AbregadoRae_02.ted,3,375,442,W_planet_tatooine_low.alo,W_planet_Asteroids.alo,50,Yes,1
Lianna,3,_Space_Planet_AbregadoRae_01.ted,_Land_Planet_AbregadoRae_02.ted,3,1111,736,W_planet_Dantooine01.alo,W_planet_Asteroids.alo,50,Yes,6
Liinade,3,_Space_Planet_AbregadoRae_01.ted,_Land_Planet_AbregadoRae_02.ted,3,425,850,W_planet_dagobah_low.alo,W_planet_Asteroids.alo,50,Yes,0
Lioan,3,_Space_Planet_AbregadoRae_01.ted,_Land_Planet_AbregadoRae_02.ted,3,-940,470,,W_planet_Asteroids.alo,50,Yes,0
Llanic,3,_Space_Planet_AbregadoRae_01.ted,_Land_Planet_AbregadoRae_02.ted,3,750,-701,W_planet_alderaan_low.alo,W_planet_Asteroids.alo,50,Yes,0
Lonnaw,3,_Space_Planet_AbregadoRae_01.ted,_Land_Planet_AbregadoRae_02.ted,3,-70,630,W_planet_ice01.alo,W_planet_Asteroids.alo,50,Yes,0
Loronar,3,_Space_Planet_AbregadoRae_01.ted,_Land_Planet_AbregadoRae_02.ted,3,217,-187,W_planet_Urban01.alo,W_planet_Asteroids.alo,50,Yes,6
Lothal,3,_Space_Planet_AbregadoRae_01.ted,_Land_Planet_AbregadoRae_02.ted,3,1492,596,,W_planet_Asteroids.alo,50,Yes,0
Lown,3,_Space_Planet_AbregadoRae_01.ted,_Land_Planet_AbregadoRae_02.ted,3,765,435,W_planet_Temperate01.alo,W_planet_Asteroids.alo,50,Yes,0
Lwhekk,3,_Space_Planet_AbregadoRae_01.ted,_Land_Planet_AbregadoRae_02.ted,3,-1000,-638,W_planet_lwhekk01.alo,W_planet_Asteroids.alo,50,Yes,5
Lyran,3,_Space_Planet_AbregadoRae_01.ted,_Land_Planet_AbregadoRae_02.ted,3,1234,-492,W_planet_Temperate01.alo,W_planet_Asteroids.alo,50,Yes,2
M293,3,_Space_Planet_AbregadoRae_01.ted,_Land_Planet_AbregadoRae_02.ted,3,300,840,W_planet_Asteroids.alo,W_planet_Asteroids.alo,50,Yes,8
Makatak,3,_Space_Planet_AbregadoRae_01.ted,_Land_Planet_AbregadoRae_02.ted,3,-580,-150,W_planet_Dantooine01.alo,W_planet_Asteroids.alo,50,Yes,8
Malachor,3,_Space_Planet_AbregadoRae_01.ted,_Land_Planet_AbregadoRae_02.ted,3,1125,955,W_planet_Volcanic01.alo,W_planet_Asteroids.alo,50,Yes,3
Malastare,3,_Space_Planet_AbregadoRae_01.ted,_Land_Planet_AbregadoRae_02.ted,3,293,-696,W_planet_Forest01.alo,W_planet_Asteroids.alo,50,Yes,0
Manaan,1,_Space_Planet_Manaan_01.ted,_Land_Planet_Manaan_02.ted,3,473,-49,W_planet_Kamino_low.alo,W_planet_Asteroids.alo,50,Yes,0
Manda,3,_Space_Planet_AbregadoRae_01.ted,_Land_Planet_AbregadoRae_02.ted,3,1035,-431,W_planet_Dantooine01.alo,W_planet_Asteroids.alo,50,Yes,0
Mandalore,3,_Space_Planet_Mandalore_01.ted,_Land_Planet_Mandalore_01.ted,3,552,545,W_planet_dagobah_low.alo,W_planet_Asteroids.alo,50,Yes,0
Ord_Mantell,1,_Space_Planet_AbregadoRae_01.ted,_Land_Planet_AbregadoRae_02.ted,3,-3,485,W_planet_bonadan_low.alo,W_planet_Asteroids.alo,50,Yes,0
Maridun,3,_Space_Planet_AbregadoRae_01.ted,_Land_Planet_AbregadoRae_02.ted,3,795,711,W_planet_Temperate01.alo,W_planet_Asteroids.alo,50,Yes,5
Maryo,3,_Space_Planet_AbregadoRae_01.ted,_Land_Planet_AbregadoRae_02.ted,3,1000,1000,W_planet_naboo_low.alo,W_planet_Asteroids.alo,50,Yes,0
Massoss,3,_Space_Planet_AbregadoRae_01.ted,_Land_Planet_AbregadoRae_02.ted,3,-510,330,,W_planet_Asteroids.alo,50,Yes,8
Mechis,3,_Space_Planet_AbregadoRae_01.ted,_Land_Planet_AbregadoRae_02.ted,3,100,-435,W_planet_Kessel_low.alo,W_planet_Asteroids.alo,50,Yes,3
Metalorn,1,_Space_Planet_AbregadoRae_01.ted,_Land_Planet_AbregadoRae_02.ted,3,956,400,W_planet_Moon_Low.alo,W_planet_Asteroids.alo,50,Yes,6
Metellos,3,_Space_Planet_AbregadoRae_01.ted,_Land_Planet_AbregadoRae_02.ted,3,-70,120,W_planet_Urban01.alo,W_planet_Asteroids.alo,50,Yes,6
Mimban,3,_Space_Planet_AbregadoRae_01.ted,_Land_Planet_AbregadoRae_02.ted,3,561,-117,W_planet_dagobah_low.alo,W_planet_Asteroids.alo,50,Yes,2
Mindor,3,_Space_Planet_AbregadoRae_01.ted,_Land_Planet_AbregadoRae_02.ted,3,170,380,W_planet_Temperate01.alo,W_planet_Asteroids.alo,50,Yes,0
Minntooine,3,_Space_Planet_AbregadoRae_01.ted,_Land_Planet_AbregadoRae_02.ted,3,1380,669,W_planet_Moncalamari01.alo,W_planet_Asteroids.alo,50,Yes,0
MistOne,3,_Space_Planet_AbregadoRae_01.ted,_Land_Planet_AbregadoRae_02.ted,3,450,180,W_planet_Asteroids.alo,W_planet_Asteroids.alo,50,Yes,8
MistThree,3,_Space_Planet_AbregadoRae_01.ted,_Land_Planet_AbregadoRae_02.ted,3,600,300,W_planet_Asteroids.alo,W_planet_Asteroids.alo,50,Yes,8
MistTwo,3,_Space_Planet_AbregadoRae_01.ted,_Land_Planet_AbregadoRae_02.ted,3,470,290,W_planet_Asteroids.alo,W_planet_Asteroids.alo,50,Yes,8
MonCalamari,3,_Space_Planet_AbregadoRae_01.ted,_Land_Planet_AbregadoRae_02.ted,3,1420,720,W_planet_Moncalamari01.alo,W_planet_Asteroids.alo,50,Yes,0
Moonus_Mandel,3,_Space_Planet_AbregadoRae_01.ted,_Land_Planet_AbregadoRae_02.ted,3,920,-290,W_planet_Urban01.alo,W_planet_Asteroids.alo,50,Yes,1
Moorja,3,_Space_Planet_AbregadoRae_01.ted,_Land_Planet_AbregadoRae_02.ted,3,20,-510,W_planet_Dantooine01.alo,W_planet_Asteroids.alo,50,Yes,1
Morishim,3,_Space_Planet_AbregadoRae_01.ted,_Land_Planet_AbregadoRae_02.ted,3,-93,931,W_planet_Dantooine01.alo,W_planet_Asteroids.alo,50,Yes,0
Mrisst,3,_Space_Planet_AbregadoRae_01.ted,_Land_Planet_AbregadoRae_02.ted,3,-250,210,W_planet_Dantooine01.alo,W_planet_Asteroids.alo,50,Yes,0
Mrlsst,3,_Space_Planet_AbregadoRae_01.ted,_Land_Planet_AbregadoRae_02.ted,3,10,-328,W_planet_Dantooine01.alo,W_planet_Asteroids.alo,50,Yes,2
Mullan,3,_Space_Planet_AbregadoRae_01.ted,_Land_Planet_AbregadoRae_02.ted,3,1301,706,W_planet_Dantooine01.alo,W_planet_Asteroids.alo,50,Yes,0
Munlali_Mafir,3,_Space_Planet_AbregadoRae_01.ted,_Land_Planet_AbregadoRae_02.ted,3,-660,820,,W_planet_Asteroids.alo,50,Yes,8
Murgo,3,_Space_Planet_AbregadoRae_01.ted,_Land_Planet_AbregadoRae_02.ted,3,-380,520,,W_planet_Asteroids.alo,50,Yes,1
Murkhana,3,_Space_Planet_AbregadoRae_01.ted,_Land_Planet_AbregadoRae_02.ted,3,1200,694,W_planet_dagobah_low.alo,W_planet_Asteroids.alo,50,Yes,1
Mustafar,2,_Space_Planet_Mustafar_01.ted,_Land_Planet_Mustafar_01.ted,3,-22,-1058,w_planet_volcanic01.alo,W_planet_Asteroids.alo,50,Yes,3
Muunilinst,1,_Space_Planet_Muunilinst_01.ted,_Land_Planet_Muunilinst_02.ted,3,-159,1032,W_planet_alderaan_low.alo,W_planet_Asteroids.alo,50,Yes,6
Mygeeto,0,_Space_Planet_AbregadoRae_01.ted,_Land_Planet_AbregadoRae_02.ted,3,-140,945,W_planet_ice01.alo,W_planet_Asteroids.alo,50,Yes,6
Myrkr,3,_Space_Planet_AbregadoRae_01.ted,_Land_Planet_AbregadoRae_02.ted,3,396,512,W_planet_Forest01.alo,W_planet_Asteroids.alo,50,Yes,5
Mytus,3,_Space_Planet_AbregadoRae_01.ted,_Land_Planet_AbregadoRae_02.ted,3,1070,1228,W_planet_Moon_Low.alo,W_planet_Asteroids.alo,50,Yes,1
Naboo,1,_Space_Planet_Naboo_01.ted,_Land_Planet_Naboo_02.ted,3,471,-724,W_planet_naboo_low.alo,W_planet_Asteroids.alo,50,Yes,0
NalHutta,1,_Space_Planet_Nalhutta_01.ted,_Land_Planet_Nalhutta_02.ted,3,1110,-123,W_planet_Swamp01.alo,W_planet_Asteroids.alo,50,Yes,2
Naporar,3,_Space_Planet_AbregadoRae_01.ted,_Land_Planet_AbregadoRae_02.ted,3,-820,390,W_planet_bonadan_low.alo,W_planet_Asteroids.alo,50,Yes,8
Nar_Haaska,3,_Space_Planet_AbregadoRae_01.ted,_Land_Planet_AbregadoRae_02.ted,3,1403,-55,W_planet_ryloth_low.alo,W_planet_Asteroids.alo,50,Yes,0
Nar_Shaddaa,3,_Space_Planet_AbregadoRae_01.ted,_Land_Planet_AbregadoRae_02.ted,3,1145,-75,W_planet_Urban01.alo,W_planet_Asteroids.alo,50,Yes,6
Nath_Goordi,3,_Space_Planet_AbregadoRae_01.ted,_Land_Planet_AbregadoRae_02.ted,3,770,490,,W_planet_Asteroids.alo,50,Yes,8
Nelvaan,3,_Space_Planet_AbregadoRae_01.ted,_Land_Planet_AbregadoRae_02.ted,3,830,-740,W_planet_eriadu_low.aloo,W_planet_Asteroids.alo,50,Yes,4
Nespis,3,_Space_Planet_AbregadoRae_01.ted,_Land_Planet_AbregadoRae_02.ted,3,1195,610,W_planet_Dantooine01.alo,W_planet_Asteroids.alo,50,Yes,8
Nettehi,3,_Space_Planet_AbregadoRae_01.ted,_Land_Planet_AbregadoRae_02.ted,3,-540,660,,W_planet_Asteroids.alo,50,Yes,6
New_Alderaan,3,_Space_Planet_AbregadoRae_01.ted,_Land_Planet_AbregadoRae_02.ted,3,1383,600,W_planet_Dantooine01.alo,W_planet_Asteroids.alo,50,Yes,0
New_Bornalex,3,_Space_Planet_AbregadoRae_01.ted,_Land_Planet_AbregadoRae_02.ted,3,560,670,W_planet_Forest01.alo,W_planet_Asteroids.alo,50,Yes,1
New_Cov,3,_Space_Planet_AbregadoRae_01.ted,_Land_Planet_AbregadoRae_02.ted,3,616,-431,W_planet_Forest01.alo,W_planet_Asteroids.alo,50,Yes,2
New_Plympto,3,_Space_Planet_AbregadoRae_01.ted,_Land_Planet_AbregadoRae_02.ted,3,135,-165,W_planet_Forest01.alo,W_planet_Asteroids.alo,50,Yes,2
Nihil,3,_Space_Planet_AbregadoRae_01.ted,_Land_Planet_AbregadoRae_02.ted,3,-727,-202,,W_planet_Asteroids.alo,50,Yes,8
Nimban,3,_Space_Planet_AbregadoRae_01.ted,_Land_Planet_AbregadoRae_02.ted,3,1142,84,W_planet_Temperate01.alo,W_planet_Asteroids.alo,50,Yes,0
Nirauan,3,_Space_Planet_AbregadoRae_01.ted,_Land_Planet_AbregadoRae_02.ted,3,-347,790,W_planet_dagobah_low.alo,W_planet_Asteroids.alo,50,Yes,5
Nkllon,3,_Space_Planet_AbregadoRae_01.ted,_Land_Planet_AbregadoRae_02.ted,3,25,-614,w_planet_volcanic01.alo,W_planet_Asteroids.alo,50,Yes,3
Noquivzor,3,_Space_Planet_AbregadoRae_01.ted,_Land_Planet_AbregadoRae_02.ted,3,-100,335,W_planet_Temperate01.alo,W_planet_Asteroids.alo,50,Yes,0
Nubia,3,_Space_Planet_AbregadoRae_01.ted,_Land_Planet_AbregadoRae_02.ted,3,285,-150,W_planet_naboo_low.alo,W_planet_Asteroids.alo,50,Yes,0
Nzoth,3,_Space_Planet_AbregadoRae_01.ted,_Land_Planet_AbregadoRae_02.ted,3,-220,-35,W_planet_tatooine_low.alo,W_planet_Asteroids.alo,50,Yes,1
Obredaan,3,_Space_Planet_AbregadoRae_01.ted,_Land_Planet_AbregadoRae_02.ted,3,-15,610,W_planet_dagobah_low.alo,W_planet_Asteroids.alo,50,Yes,2
Obroa_Skai,3,_Space_Planet_AbregadoRae_01.ted,_Land_Planet_AbregadoRae_02.ted,3,430,413,W_planet_ice01.alo,W_planet_Asteroids.alo,50,Yes,0
Odik,3,_Space_Planet_AbregadoRae_01.ted,_Land_Planet_AbregadoRae_02.ted,3,-130,-35,W_planet_utapau_low.alo,W_planet_Asteroids.alo,50,Yes,1
Ojom,3,_Space_Planet_AbregadoRae_01.ted,_Land_Planet_AbregadoRae_02.ted,3,45,-100,W_planet_Ice01.alo,W_planet_Asteroids.alo,50,Yes,4
Onderon,3,_Space_Planet_AbregadoRae_01.ted,_Land_Planet_AbregadoRae_02.ted,3,520,123,W_planet_Forest01.alo,W_planet_Asteroids.alo,50,Yes,0
Ordo,3,_Space_Planet_AbregadoRae_01.ted,_Land_Planet_AbregadoRae_02.ted,3,605,495,W_planet_Dantooine01.alo,W_planet_Asteroids.alo,50,Yes,1
Oreen,3,_Space_Planet_AbregadoRae_01.ted,_Land_Planet_AbregadoRae_02.ted,3,-550,-270,W_planet_Dantooine01.alo,W_planet_Asteroids.alo,50,Yes,2
Orinda,3,_Space_Planet_AbregadoRae_01.ted,_Land_Planet_AbregadoRae_02.ted,3,-86,700,W_planet_Forest01.alo,W_planet_Asteroids.alo,50,Yes,0
Oristrom,3,_Space_Planet_AbregadoRae_01.ted,_Land_Planet_AbregadoRae_02.ted,3,-300,850,W_planet_dagobah_low.alo,W_planet_Asteroids.alo,50,Yes,8
Orleon,3,_Space_Planet_AbregadoRae_01.ted,_Land_Planet_AbregadoRae_02.ted,3,870,395,W_planet_Moncalamari01.alo,W_planet_Asteroids.alo,50,Yes,0
Orocco,3,_Space_Planet_AbregadoRae_01.ted,_Land_Planet_AbregadoRae_02.ted,3,165,600,W_planet_Dantooine01.alo,W_planet_Asteroids.alo,50,Yes,0
Orron,3,_Space_Planet_AbregadoRae_01.ted,_Land_Planet_AbregadoRae_02.ted,3,1320,950,W_planet_alderaan_low.alo,W_planet_Asteroids.alo,50,Yes,0
Oslumpex,3,_Space_Planet_AbregadoRae_01.ted,_Land_Planet_AbregadoRae_02.ted,3,1245,1000,W_planet_alderaan_low.alo,W_planet_Asteroids.alo,50,Yes,6
Osseriton,3,_Space_Planet_AbregadoRae_01.ted,_Land_Planet_AbregadoRae_02.ted,3,-620,80,W_planet_desert01.alo,W_planet_Asteroids.alo,50,Yes,0
Ossus,3,_Space_Planet_AbregadoRae_01.ted,_Land_Planet_AbregadoRae_02.ted,3,1138,645,W_planet_Dantooine01.alo,W_planet_Asteroids.alo,50,Yes,1
Paarin_Minor,3,_Space_Planet_AbregadoRae_01.ted,_Land_Planet_AbregadoRae_02.ted,3,165,760,W_planet_Temperate01.alo,W_planet_Asteroids.alo,50,Yes,0
Pakrik_Minor,3,_Space_Planet_AbregadoRae_01.ted,_Land_Planet_AbregadoRae_02.ted,3,-185,130,W_planet_alderaan_low.alo,W_planet_Asteroids.alo,50,Yes,0
Palanhi,3,_Space_Planet_AbregadoRae_01.ted,_Land_Planet_AbregadoRae_02.ted,3,-175,290,W_planet_alderaan_low.alo,W_planet_Asteroids.alo,50,Yes,0
Pammant,3,_Space_Planet_AbregadoRae_01.ted,_Land_Planet_AbregadoRae_02.ted,3,1451,661,W_planet_desert01.alo,W_planet_Asteroids.alo,50,Yes,0
Pantolomin,3,_Space_Planet_AbregadoRae_01.ted,_Land_Planet_AbregadoRae_02.ted,3,-95,190,W_planet_Moncalamari01.alo,W_planet_Asteroids.alo,50,Yes,0
Ord_Pardron,3,_Space_Planet_AbregadoRae_01.ted,_Land_Planet_AbregadoRae_02.ted,3,1004,-565,W_planet_Kessel_low.alo,W_planet_Asteroids.alo,50,Yes,1
Pashvi,3,_Space_Planet_AbregadoRae_01.ted,_Land_Planet_AbregadoRae_02.ted,3,-330,920,W_planet_utapau_low.alo,W_planet_Asteroids.alo,50,Yes,1
Perann_Nebula,3,_Space_Planet_AbregadoRae_01.ted,_Land_Planet_AbregadoRae_02.ted,3,-731,-273,W_planet_Asteroids.alo,W_planet_Asteroids.alo,50,Yes,8
Peregrine,3,_Space_Planet_AbregadoRae_01.ted,_Land_Planet_AbregadoRae_02.ted,3,700,-440,W_planet_Urban01.alo,W_planet_Asteroids.alo,50,Yes,5
Pesfavri,3,_Space_Planet_AbregadoRae_01.ted,_Land_Planet_AbregadoRae_02.ted,3,-600,436,W_planet_Temperate01.alo,W_planet_Asteroids.alo,50,Yes,8
Pesitiin,3,_Space_Planet_AbregadoRae_01.ted,_Land_Planet_AbregadoRae_02.ted,3,-330,320,W_planet_Gas01.alo,W_planet_Asteroids.alo,50,Yes,8
Phaeda,3,_Space_Planet_AbregadoRae_01.ted,_Land_Planet_AbregadoRae_02.ted,3,41,730,W_planet_alderaan_low.alo,W_planet_Asteroids.alo,50,Yes,6
Phindar,3,_Space_Planet_AbregadoRae_01.ted,_Land_Planet_AbregadoRae_02.ted,3,646,622,W_planet_Temperate01.alo,W_planet_Asteroids.alo,50,Yes,2
Poderis,3,_Space_Planet_AbregadoRae_01.ted,_Land_Planet_AbregadoRae_02.ted,3,230,358,W_planet_Moon_Low.alo,W_planet_Asteroids.alo,50,Yes,0
Polis_Massa,3,_Space_Planet_AbregadoRae_01.ted,_Land_Planet_AbregadoRae_02.ted,3,-93,-1163,W_planet_Kessel_low.alo,W_planet_Asteroids.alo,50,Yes,8
Polneye,3,_Space_Planet_AbregadoRae_01.ted,_Land_Planet_AbregadoRae_02.ted,3,-270,60,W_planet_tatooine_low.alo,W_planet_Asteroids.alo,50,Yes,3
Porus_Vida,3,_Space_Planet_AbregadoRae_01.ted,_Land_Planet_AbregadoRae_02.ted,3,610,135,W_planet_alderaan_low.alo,W_planet_Asteroids.alo,50,Yes,0
Praesitlyn,3,_Space_Planet_AbregadoRae_01.ted,_Land_Planet_AbregadoRae_02.ted,3,300,-965,W_planet_Temperate01.alo,W_planet_Asteroids.alo,50,Yes,0
Prakith,3,_Space_Planet_AbregadoRae_01.ted,_Land_Planet_AbregadoRae_02.ted,3,-111,17,W_planet_ryloth_low.alo,W_planet_Asteroids.alo,50,Yes,1
Primea,3,_Space_Planet_AbregadoRae_01.ted,_Land_Planet_AbregadoRae_02.ted,3,-710,500,,W_planet_Asteroids.alo,50,Yes,8
Qat_Chrystac,3,_Space_Planet_AbregadoRae_01.ted,_Land_Planet_AbregadoRae_02.ted,3,101,-663,W_planet_Kessel_low.alo,W_planet_Asteroids.alo,50,Yes,3
Qiilura,3,_Space_Planet_AbregadoRae_01.ted,_Land_Planet_AbregadoRae_02.ted,3,-90,480,W_planet_Moncalamari01.alo,W_planet_Asteroids.alo,50,Yes,0
Qoribu,3,_Space_Planet_AbregadoRae_01.ted,_Land_Planet_AbregadoRae_02.ted,3,-580,580,,W_planet_Asteroids.alo,50,Yes,8
Qretu,3,_Space_Planet_AbregadoRae_01.ted,_Land_Planet_AbregadoRae_02.ted,3,-45,-480,W_planet_bonadan_low.alo,W_planet_Asteroids.alo,50,Yes,6
Quell,3,_Space_Planet_AbregadoRae_01.ted,_Land_Planet_AbregadoRae_02.ted,3,856,657,W_planet_Dantooine01.alo,W_planet_Asteroids.alo,50,Yes,0
Quellor,3,_Space_Planet_AbregadoRae_01.ted,_Land_Planet_AbregadoRae_02.ted,3,337,-127,W_planet_Forest01.alo,W_planet_Asteroids.alo,50,Yes,6
Quethold,3,_Space_Planet_AbregadoRae_01.ted,_Land_Planet_AbregadoRae_02.ted,3,-450,845,W_planet_Forest01.alo,W_planet_Asteroids.alo,50,Yes,8
Ord_Radama,3,_Space_Planet_AbregadoRae_01.ted,_Land_Planet_AbregadoRae_02.ted,3,780,934,W_planet_Urban01.alo,W_planet_Asteroids.alo,50,Yes,2
Ragmar,3,_Space_Planet_AbregadoRae_01.ted,_Land_Planet_AbregadoRae_02.ted,3,810,-830,W_planet_tatooine_low.alo,W_planet_Asteroids.alo,50,Yes,1
Rago,3,_Space_Planet_AbregadoRae_01.ted,_Land_Planet_AbregadoRae_02.ted,3,-340,560,,W_planet_Asteroids.alo,50,Yes,8
Rakata,3,_Space_Planet_AbregadoRae_01.ted,_Land_Planet_AbregadoRae_02.ted,3,-672,-99,W_planet_Dantooine01.alo,W_planet_Asteroids.alo,50,Yes,0
Rapacc,3,_Space_Planet_AbregadoRae_01.ted,_Land_Planet_AbregadoRae_02.ted,3,-620,370,,W_planet_Asteroids.alo,50,Yes,6
Rattatak,3,_Space_Planet_AbregadoRae_01.ted,_Land_Planet_AbregadoRae_02.ted,3,-551,-550,,W_planet_Asteroids.alo,50,Yes,1
Raxus,3,_Space_Planet_AbregadoRae_01.ted,_Land_Planet_AbregadoRae_02.ted,3,1200,772,W_planet_Urban01.alo,W_planet_Asteroids.alo,50,Yes,1
Raxus_Second,3,_Space_Planet_AbregadoRae_01.ted,_Land_Planet_AbregadoRae_02.ted,3,1245,835,W_planet_dagobah_low.alo,W_planet_Asteroids.alo,50,Yes,6
Rduba,3,_Space_Planet_AbregadoRae_01.ted,_Land_Planet_AbregadoRae_02.ted,3,1300,-480,W_planet_desert01.alo,W_planet_Asteroids.alo,50,Yes,1
Reecee,3,_Space_Planet_AbregadoRae_01.ted,_Land_Planet_AbregadoRae_02.ted,3,-231,296,W_planet_Temperate01.alo,W_planet_Asteroids.alo,50,Yes,1
Rendili,3,_Space_Planet_AbregadoRae_01.ted,_Land_Planet_AbregadoRae_02.ted,3,205,-45,W_planet_Temperate01.alo,W_planet_Asteroids.alo,50,Yes,6
Rennek,3,_Space_Planet_AbregadoRae_01.ted,_Land_Planet_AbregadoRae_02.ted,3,-1000,-327,,W_planet_Asteroids.alo,50,Yes,6
Rhand,3,_Space_Planet_AbregadoRae_01.ted,_Land_Planet_AbregadoRae_02.ted,3,-808,-247,,W_planet_Asteroids.alo,50,Yes,2
Rhen_Var,3,_Space_Planet_AbregadoRae_01.ted,_Land_Planet_AbregadoRae_02.ted,3,980,706,W_planet_Ice01.alo,W_planet_Asteroids.alo,50,Yes,4
Rhigar,3,_Space_Planet_AbregadoRae_01.ted,_Land_Planet_AbregadoRae_02.ted,3,-910,200,W_planet_dagobah_low.alo,W_planet_Asteroids.alo,50,Yes,4
Riette,3,_Space_Planet_AbregadoRae_01.ted,_Land_Planet_AbregadoRae_02.ted,3,-810,740,W_planet_Moncalamari01.alo,W_planet_Asteroids.alo,50,Yes,8
Ringneldia,3,_Space_Planet_AbregadoRae_01.ted,_Land_Planet_AbregadoRae_02.ted,3,1424,381,W_planet_Moon_Low.alo,W_planet_Asteroids.alo,50,Yes,6
Ringo_Vinda,3,_Space_Planet_AbregadoRae_01.ted,_Land_Planet_AbregadoRae_02.ted,3,1025,450,W_planet_Urban01.alo,W_planet_Asteroids.alo,50,Yes,1
Rintonne,3,_Space_Planet_AbregadoRae_01.ted,_Land_Planet_AbregadoRae_02.ted,3,700,-640,W_planet_Urban01.alo,W_planet_Asteroids.alo,50,Yes,6
Rishi,3,_Space_Planet_AbregadoRae_01.ted,_Land_Planet_AbregadoRae_02.ted,3,1093,-441,W_planet_Moncalamari01.alo,W_planet_Asteroids.alo,50,Yes,2
Roche,3,_Space_Planet_AbregadoRae_01.ted,_Land_Planet_AbregadoRae_02.ted,3,822,361,W_planet_Asteroids.alo,W_planet_Asteroids.alo,50,Yes,8
Rodia,3,_Space_Planet_AbregadoRae_01.ted,_Land_Planet_AbregadoRae_02.ted,3,895,-653,W_planet_Forest01.alo,W_planet_Asteroids.alo,50,Yes,2
Romin,3,_Space_Planet_AbregadoRae_01.ted,_Land_Planet_AbregadoRae_02.ted,3,810,430,W_planet_Urban01.alo,W_planet_Asteroids.alo,50,Yes,6
Ronyards,3,_Space_Planet_AbregadoRae_01.ted,_Land_Planet_AbregadoRae_02.ted,3,345,-325,W_planet_Urban01.alo,W_planet_Asteroids.alo,50,Yes,1
Rothana,3,_Space_Planet_AbregadoRae_01.ted,_Land_Planet_AbregadoRae_02.ted,3,1345,-543,W_planet_Ice01.alo,W_planet_Asteroids.alo,50,Yes,4
Roxuli,3,_Space_Planet_AbregadoRae_01.ted,_Land_Planet_AbregadoRae_02.ted,3,-358,389,W_planet_ice01.alo,W_planet_Asteroids.alo,50,Yes,1
Ruusan,3,_Space_Planet_AbregadoRae_01.ted,_Land_Planet_AbregadoRae_02.ted,3,759,3,W_planet_tatooine_low.alo,W_planet_Asteroids.alo,50,Yes,1
Ryloth,3,_Space_Planet_Ryloth_01.ted,_Land_Planet_Ryloth_02.ted,3,1016,-771,W_planet_ryloth_low.alo,W_planet_Asteroids.alo,50,Yes,1
Ryndellia,3,_Space_Planet_AbregadoRae_01.ted,_Land_Planet_AbregadoRae_02.ted,3,611,-723,W_planet_Forest01.alo,W_planet_Asteroids.alo,50,Yes,0
Ryvester,3,_Space_Planet_AbregadoRae_01.ted,_Land_Planet_AbregadoRae_02.ted,3,910,640,W_planet_Urban01.alo,W_planet_Asteroids.alo,50,Yes,6
RZ7,3,_Space_Planet_AbregadoRae_01.ted,_Land_Planet_AbregadoRae_02.ted,3,150,1100,W_planet_Kessel_low.alo,W_planet_Asteroids.alo,50,Yes,3
Sacorria,3,_Space_Planet_AbregadoRae_01.ted,_Land_Planet_AbregadoRae_02.ted,3,110,-125,W_planet_Temperate01.alo,W_planet_Asteroids.alo,50,Yes,0
Saffalore,3,_Space_Planet_AbregadoRae_01.ted,_Land_Planet_AbregadoRae_02.ted,3,1190,1065,W_planet_alderaan_low.alo,W_planet_Asteroids.alo,50,Yes,5
Saijo,3,_Space_Planet_AbregadoRae_01.ted,_Land_Planet_AbregadoRae_02.ted,3,-183,-1141,W_planet_alderaan_low.alo,W_planet_Asteroids.alo,50,Yes,0
Saleucami,0,_Space_Planet_Saleucami_01.ted,_Land_Planet_Saleucami_01.ted,3,1158,402,W_planet_Desert01.alo,W_planet_Asteroids.alo,50,Yes,1
Salvara,3,_Space_Planet_AbregadoRae_01.ted,_Land_Planet_AbregadoRae_02.ted,3,925,475,W_planet_Urban01.alo,W_planet_Asteroids.alo,50,Yes,6
Sanrafsix,3,_Space_Planet_AbregadoRae_01.ted,_Land_Planet_AbregadoRae_02.ted,3,317,-767,W_planet_Moon_Low.alo,W_planet_Asteroids.alo,50,Yes,5
Sarapin,3,_Space_Planet_AbregadoRae_01.ted,_Land_Planet_AbregadoRae_02.ted,3,214,16,W_planet_Kessel_low.alo,W_planet_Asteroids.alo,50,Yes,3
Sarm,3,_Space_Planet_AbregadoRae_01.ted,_Land_Planet_AbregadoRae_02.ted,3,-435,535,,W_planet_Asteroids.alo,50,Yes,1
Sarrish,3,_Space_Planet_AbregadoRae_01.ted,_Land_Planet_AbregadoRae_02.ted,3,-74,-582,W_planet_Moncalamari01.alo,W_planet_Asteroids.alo,50,Yes,1
Sarvchi,3,_Space_Planet_AbregadoRae_01.ted,_Land_Planet_AbregadoRae_02.ted,3,-755,286,W_planet_dagobah_low.alo,W_planet_Asteroids.alo,50,Yes,8
Scarif,3,_Space_Planet_AbregadoRae_01.ted,_Land_Planet_AbregadoRae_02.ted,3,1171,-529,,W_planet_Asteroids.alo,50,Yes,0
Scarl,3,_Space_Planet_AbregadoRae_01.ted,_Land_Planet_AbregadoRae_02.ted,3,75,-290,W_planet_Asteroids.alo,W_planet_Asteroids.alo,50,Yes,1
Schesa,3,_Space_Planet_AbregadoRae_01.ted,_Land_Planet_AbregadoRae_02.ted,3,-766,410,W_planet_Swamp01.alo,W_planet_Asteroids.alo,50,Yes,4
Scipio,3,_Space_Planet_AbregadoRae_01.ted,_Land_Planet_AbregadoRae_02.ted,3,-138,875,W_planet_Ice01.alo,W_planet_Asteroids.alo,50,Yes,4
Selaggis,3,_Space_Planet_AbregadoRae_01.ted,_Land_Planet_AbregadoRae_02.ted,3,370,750,W_planet_Asteroids.alo,W_planet_Asteroids.alo,50,Yes,8
Serenno,2,_Space_Planet_AbregadoRae_01.ted,_Land_Planet_AbregadoRae_02.ted,3,643,918,W_planet_dagobah_low.alo,W_planet_Asteroids.alo,50,Yes,0
Sernpidal,3,_Space_Planet_AbregadoRae_01.ted,_Land_Planet_AbregadoRae_02.ted,3,65,1167,W_planet_tatooine_low.alo,W_planet_Asteroids.alo,50,Yes,1
Seylott,3,_Space_Planet_AbregadoRae_01.ted,_Land_Planet_AbregadoRae_02.ted,3,630,-900,W_planet_yavinIV_low.alo,W_planet_Asteroids.alo,50,Yes,5
Sifkric,3,_Space_Planet_AbregadoRae_01.ted,_Land_Planet_AbregadoRae_02.ted,3,280,540,W_planet_dagobah_low.alo,W_planet_Asteroids.alo,50,Yes,5
Siskeen,3,_Space_Planet_AbregadoRae_01.ted,_Land_Planet_AbregadoRae_02.ted,3,1057,-700,W_planet_dagobah_low.alo,W_planet_Asteroids.alo,50,Yes,1
Skye,3,_Space_Planet_AbregadoRae_01.ted,_Land_Planet_AbregadoRae_02.ted,3,-486,-1067,W_planet_alderaan_low.alo,W_planet_Asteroids.alo,50,Yes,0
Sleheyron,3,_Space_Planet_AbregadoRae_01.ted,_Land_Planet_AbregadoRae_02.ted,3,1219,97,W_planet_Volcanic01.alo,W_planet_Asteroids.alo,50,Yes,6
Sluis_Van,3,_Space_Planet_AbregadoRae_01.ted,_Land_Planet_AbregadoRae_02.ted,3,215,-977,W_planet_dagobah_low.alo,W_planet_Asteroids.alo,50,Yes,1
Snevu,3,_Space_Planet_AbregadoRae_01.ted,_Land_Planet_AbregadoRae_02.ted,3,-500,550,,W_planet_Asteroids.alo,50,Yes,8
Solitair,3,_Space_Planet_AbregadoRae_01.ted,_Land_Planet_AbregadoRae_02.ted,3,-1030,185,,W_planet_Asteroids.alo,50,Yes,8
Stivic,3,_Space_Planet_AbregadoRae_01.ted,_Land_Planet_AbregadoRae_02.ted,3,-1100,250,,W_planet_Asteroids.alo,50,Yes,8
Sullust,3,_Space_Planet_Sullust_01.ted,_Land_Planet_Sullust_02.ted,3,207,-813,W_planet_Volcanic01.alo,W_planet_Asteroids.alo,50,Yes,3
Svivren,3,_Space_Planet_AbregadoRae_01.ted,_Land_Planet_AbregadoRae_02.ted,3,545,-1010,W_planet_tatooine_low.alo,W_planet_Asteroids.alo,50,Yes,1
Sy_Myrth,2,_Space_Planet_AbregadoRae_01.ted,_Land_Planet_AbregadoRae_02.ted,3,1075,450,W_planet_Moncalamari01.alo,W_planet_Asteroids.alo,50,Yes,5
Syca,3,_Space_Planet_AbregadoRae_01.ted,_Land_Planet_AbregadoRae_02.ted,3,-600,650,W_planet_dagobah_low.alo,W_planet_Asteroids.alo,50,Yes,8
Syned,3,_Space_Planet_AbregadoRae_01.ted,_Land_Planet_AbregadoRae_02.ted,3,329,-826,W_planet_Ice01.alo,W_planet_Asteroids.alo,50,Yes,1
Talasea,3,_Space_Planet_AbregadoRae_01.ted,_Land_Planet_AbregadoRae_02.ted,3,355,-70,W_planet_dagobah_low.alo,W_planet_Asteroids.alo,50,Yes,5
Talcene,3,_Space_Planet_AbregadoRae_01.ted,_Land_Planet_AbregadoRae_02.ted,3,905,440,,W_planet_Asteroids.alo,50,Yes,8
Talfaglio,3,_Space_Planet_AbregadoRae_01.ted,_Land_Planet_AbregadoRae_02.ted,3,230,-135,W_planet_Forest01.alo,W_planet_Asteroids.alo,50,Yes,1
Talus_Tralus,3,_Space_Planet_AbregadoRae_01.ted,_Land_Planet_AbregadoRae_02.ted,3,240,-80,W_planet_Dantooine01.alo,W_planet_Asteroids.alo,50,Yes,0
Tangrene,3,_Space_Planet_AbregadoRae_01.ted,_Land_Planet_AbregadoRae_02.ted,3,528,961,W_planet_Forest01.alo,W_planet_Asteroids.alo,50,Yes,1
Tar_Morden,3,_Space_Planet_AbregadoRae_01.ted,_Land_Planet_AbregadoRae_02.ted,3,-104,-626,w_planet_volcanic01.alo,W_planet_Asteroids.alo,50,Yes,1
Taris,1,_Space_Planet_Taris_01.ted,_Land_Planet_Taris_02.ted,3,350,633,W_planet_Urban01.alo,W_planet_Asteroids.alo,50,Yes,6
Tartaglia,3,_Space_Planet_AbregadoRae_01.ted,_Land_Planet_AbregadoRae_02.ted,3,190,550,W_planet_utapau_low.alo,W_planet_Asteroids.alo,50,Yes,5
Tatooine,0,_Space_Planet_Tatooine_01.ted,_Land_Planet_Tatooine_02.ted,3,972,-635,W_planet_tatooine_low.alo,W_planet_Asteroids.alo,50,Yes,1
Tellanroaeg,3,_Space_Planet_AbregadoRae_01.ted,_Land_Planet_AbregadoRae_02.ted,3,1071,-793,W_planet_Asteroids.alo,W_planet_Asteroids.alo,50,Yes,2
Telos,3,_Space_Planet_AbregadoRae_01.ted,_Land_Planet_AbregadoRae_02.ted,3,740,1066,W_planet_Urban01.alo,W_planet_Asteroids.alo,50,Yes,6
Telti,3,_Space_Planet_AbregadoRae_01.ted,_Land_Planet_AbregadoRae_02.ted,3,443,116,W_planet_desert01.alo,W_planet_Asteroids.alo,50,Yes,6
Tenupe,3,_Space_Planet_AbregadoRae_01.ted,_Land_Planet_AbregadoRae_02.ted,3,-490,400,W_planet_Forest01.alo,W_planet_Asteroids.alo,50,Yes,2
Teptixii,3,_Space_Planet_AbregadoRae_01.ted,_Land_Planet_AbregadoRae_02.ted,3,-350,1000,W_planet_Dantooine01.alo,W_planet_Asteroids.alo,50,Yes,0
Terephon,3,_Space_Planet_AbregadoRae_01.ted,_Land_Planet_AbregadoRae_02.ted,3,580,250,W_planet_dagobah_low.alo,W_planet_Asteroids.alo,50,Yes,2
Teth,3,_Space_Planet_AbregadoRae_01.ted,_Land_Planet_AbregadoRae_02.ted,3,1453,-128,W_planet_Forest01.alo,W_planet_Asteroids.alo,50,Yes,5
Thanos,3,_Space_Planet_AbregadoRae_01.ted,_Land_Planet_AbregadoRae_02.ted,3,790,285,W_planet_Temperate01.alo,W_planet_Asteroids.alo,50,Yes,0
The_Maw,3,_Space_Planet_AbregadoRae_01.ted,_Land_Planet_AbregadoRae_02.ted,3,1360,150,w_black_hole_small.alo,W_planet_Asteroids.alo,50,Yes,8
The_Redoubt,3,_Space_Planet_AbregadoRae_01.ted,_Land_Planet_AbregadoRae_02.ted,3,-486,471,W_planet_Asteroids.alo,W_planet_Asteroids.alo,50,Yes,8
Thomork,3,_Space_Planet_AbregadoRae_01.ted,_Land_Planet_AbregadoRae_02.ted,3,20,-210,W_planet_desert01.alo,W_planet_Asteroids.alo,50,Yes,1
Thrago,3,_Space_Planet_AbregadoRae_01.ted,_Land_Planet_AbregadoRae_02.ted,3,-540,460,W_planet_Asteroids.alo,W_planet_Asteroids.alo,50,Yes,1
Thule,3,_Space_Planet_AbregadoRae_01.ted,_Land_Planet_AbregadoRae_02.ted,3,860,907,W_planet_Korriban01.alo,W_planet_Asteroids.alo,50,Yes,1
Thyferra,0,_Space_Planet_Thyferra_01.ted,_Land_Planet_Thyferra_02.ted,3,27,-407,w_planet_alderaan-urban_low.alo,W_planet_Asteroids.alo,50,Yes,5
Tibrin,3,_Space_Planet_AbregadoRae_01.ted,_Land_Planet_AbregadoRae_02.ted,3,67,-838,W_planet_Moncalamari01.alo,W_planet_Asteroids.alo,50,Yes,0
Ord_Tiddell,3,_Space_Planet_AbregadoRae_01.ted,_Land_Planet_AbregadoRae_02.ted,3,850,460,W_planet_Moon_Low.alo,W_planet_Asteroids.alo,50,Yes,1
Timora,3,_Space_Planet_AbregadoRae_01.ted,_Land_Planet_AbregadoRae_02.ted,3,-580,-710,W_planet_alderaan_low.alo,W_planet_Asteroids.alo,50,Yes,8
Togoria,3,_Space_Planet_AbregadoRae_01.ted,_Land_Planet_AbregadoRae_02.ted,3,731,244,W_planet_alderaan_low.alo,W_planet_Asteroids.alo,50,Yes,0
Toydaria,3,_Space_Planet_AbregadoRae_01.ted,_Land_Planet_AbregadoRae_02.ted,3,1057,-81,W_planet_dagobah_low.alo,W_planet_Asteroids.alo,50,Yes,2
Ord_Trasi,3,_Space_Planet_AbregadoRae_01.ted,_Land_Planet_AbregadoRae_02.ted,3,-26,967,W_planet_Temperate01.alo,W_planet_Asteroids.alo,50,Yes,4
Traval_Pacor,3,_Space_Planet_AbregadoRae_01.ted,_Land_Planet_AbregadoRae_02.ted,3,-155,580,W_planet_Ice01.alo,W_planet_Asteroids.alo,50,Yes,6
Trian,3,_Space_Planet_AbregadoRae_01.ted,_Land_Planet_AbregadoRae_02.ted,3,1077,1163,,W_planet_Asteroids.alo,50,Yes,5
Triton,3,_Space_Planet_AbregadoRae_01.ted,_Land_Planet_AbregadoRae_02.ted,3,140,-920,W_planet_Korriban01.alo,W_planet_Asteroids.alo,50,Yes,1
Troukree,3,_Space_Planet_AbregadoRae_01.ted,_Land_Planet_AbregadoRae_02.ted,3,-400,900,,W_planet_Asteroids.alo,50,Yes,8
Tsoss,3,_Space_Planet_AbregadoRae_01.ted,_Land_Planet_AbregadoRae_02.ted,3,-32,-12,W_planet_Asteroids.alo,W_planet_Asteroids.alo,50,Yes,8
Tulpaa,3,_Space_Planet_AbregadoRae_01.ted,_Land_Planet_AbregadoRae_02.ted,3,-820,-50,W_planet_yavinIV_low.alo,W_planet_Asteroids.alo,50,Yes,8
Tuskens_Eye,3,_Space_Planet_AbregadoRae_01.ted,_Land_Planet_AbregadoRae_02.ted,3,-410,400,W_planet_Asteroids.alo,W_planet_Asteroids.alo,50,Yes,2
Twilight_Void,3,_Space_Planet_AbregadoRae_01.ted,_Land_Planet_AbregadoRae_02.ted,3,-1050,550,W_planet_Asteroids.alo,W_planet_Asteroids.alo,50,Yes,8
Tyan,3,_Space_Planet_AbregadoRae_01.ted,_Land_Planet_AbregadoRae_02.ted,3,30,560,W_planet_Forest01.alo,W_planet_Asteroids.alo,50,Yes,6
Tynna,3,_Space_Planet_AbregadoRae_01.ted,_Land_Planet_AbregadoRae_02.ted,3,443,-382,W_planet_Dantooine01.alo,W_planet_Asteroids.alo,50,Yes,4
Tythe,3,_Space_Planet_AbregadoRae_01.ted,_Land_Planet_AbregadoRae_02.ted,3,890,-715,W_planet_Urban01.alo,W_planet_Asteroids.alo,50,Yes,1
Ubrikkia,3,_Space_Planet_AbregadoRae_01.ted,_Land_Planet_AbregadoRae_02.ted,3,932,46,W_planet_Urban01.alo,W_planet_Asteroids.alo,50,Yes,6
Ukio,3,_Space_Planet_AbregadoRae_01.ted,_Land_Planet_AbregadoRae_02.ted,3,1130,-496,W_planet_Moncalamari01.alo,W_planet_Asteroids.alo,50,Yes,0
Ulicia,3,_Space_Planet_AbregadoRae_01.ted,_Land_Planet_AbregadoRae_02.ted,3,1270,1180,W_planet_dagobah_low.alo,W_planet_Asteroids.alo,50,Yes,6
Umarenk,3,_Space_Planet_AbregadoRae_01.ted,_Land_Planet_AbregadoRae_02.ted,3,-560,40,,W_planet_Asteroids.alo,50,Yes,8
Umbara,3,_Space_Planet_AbregadoRae_01.ted,_Land_Planet_AbregadoRae_02.ted,3,622,52,W_planet_Dantooine01.alo,W_planet_Asteroids.alo,50,Yes,5
Urch,3,_Space_Planet_AbregadoRae_01.ted,_Land_Planet_AbregadoRae_02.ted,3,-690,220,,W_planet_Asteroids.alo,50,Yes,6
Utapau,0,_Space_Planet_Utapau_01.ted,_Land_Planet_Utapau_01.ted,3,338,-1057,W_planet_utapau_low.alo,W_planet_Asteroids.alo,50,Yes,1
Utegetu_Nebula,3,_Space_Planet_AbregadoRae_01.ted,_Land_Planet_AbregadoRae_02.ted,3,-430,470,W_planet_Asteroids.alo,W_planet_Asteroids.alo,50,Yes,8
Vagar_Praxut,3,_Space_Planet_AbregadoRae_01.ted,_Land_Planet_AbregadoRae_02.ted,3,-530,220,,W_planet_Asteroids.alo,50,Yes,8
Vaklin,3,_Space_Planet_AbregadoRae_01.ted,_Land_Planet_AbregadoRae_02.ted,3,263,-443,W_planet_tatooine_low.alo,W_planet_Asteroids.alo,50,Yes,1
Valc,3,_Space_Planet_AbregadoRae_01.ted,_Land_Planet_AbregadoRae_02.ted,3,-266,977,W_planet_Urban01.alo,W_planet_Asteroids.alo,50,Yes,6
Vassek,3,_Space_Planet_AbregadoRae_01.ted,_Land_Planet_AbregadoRae_02.ted,3,-301,-757,W_planet_dagobah_low.alo,W_planet_Asteroids.alo,50,Yes,1
Ord_Vaug,0,_Space_Planet_AbregadoRae_01.ted,_Land_Planet_AbregadoRae_02.ted,3,87,-581,W_planet_alderaan_low.alo,W_planet_Asteroids.alo,50,Yes,2
VergessoAsteroids,0,_Space_Planet_VergessoAsteroids_01.ted,_Land_Planet_Kessel_02.ted,3,670,-837,W_planet_Asteroids.alo,W_planet_Asteroids.alo,50,Yes,8
Veroleem,3,_Space_Planet_AbregadoRae_01.ted,_Land_Planet_AbregadoRae_02.ted,3,-380,720,W_planet_tatooine_low.alo,W_planet_Asteroids.alo,50,Yes,1
Volik,3,_Space_Planet_AbregadoRae_01.ted,_Land_Planet_AbregadoRae_02.ted,3,-630,590,W_planet_alderaan_low.alo,W_planet_Asteroids.alo,50,Yes,0
Vondarc,3,_Space_Planet_AbregadoRae_01.ted,_Land_Planet_AbregadoRae_02.ted,3,192,-707,W_planet_Moncalamari01.alo,W_planet_Asteroids.alo,50,Yes,0
Vorpaya,3,_Space_Planet_AbregadoRae_01.ted,_Land_Planet_AbregadoRae_02.ted,3,510,600,W_planet_naboo_low.alo,W_planet_Asteroids.alo,50,Yes,0
Vrosynri,2,_Space_Planet_AbregadoRae_01.ted,_Land_Planet_AbregadoRae_02.ted,3,420,920,W_planet_dagobah_low.alo,W_planet_Asteroids.alo,50,Yes,0
Vulpter,3,_Space_Planet_AbregadoRae_01.ted,_Land_Planet_AbregadoRae_02.ted,3,95,40,W_planet_Urban01.alo,W_planet_Asteroids.alo,50,Yes,6
VunHanna,3,_Space_Planet_AbregadoRae_01.ted,_Land_Planet_AbregadoRae_02.ted,3,-850,650,,W_planet_Asteroids.alo,50,Yes,8
Wayland,0,_Space_Planet_Wayland_01.ted,_Land_Planet_Wayland_02.ted,3,425,565,W_planet_Forest01.alo,W_planet_Asteroids.alo,50,Yes,0
Wistril,3,_Space_Planet_AbregadoRae_01.ted,_Land_Planet_AbregadoRae_02.ted,3,-146,755,W_planet_Temperate01.alo,W_planet_Asteroids.alo,50,Yes,0
Woostri,3,_Space_Planet_AbregadoRae_01.ted,_Land_Planet_AbregadoRae_02.ted,3,163,-615,W_planet_Moncalamari01.alo,W_planet_Asteroids.alo,50,Yes,0
Woteba,3,_Space_Planet_AbregadoRae_01.ted,_Land_Planet_AbregadoRae_02.ted,3,-370,465,W_planet_dagobah_low.alo,W_planet_Asteroids.alo,50,Yes,2
Wroona,3,_Space_Planet_AbregadoRae_01.ted,_Land_Planet_AbregadoRae_02.ted,3,139,-525,W_planet_Moncalamari01.alo,W_planet_Asteroids.alo,50,Yes,0
Xagobah,3,_Space_Planet_AbregadoRae_01.ted,_Land_Planet_AbregadoRae_02.ted,3,291,-890,W_planet_dagobah_low.alo,W_planet_Asteroids.alo,50,Yes,2
Xeron,3,_Space_Planet_AbregadoRae_01.ted,_Land_Planet_AbregadoRae_02.ted,3,190,-461,W_planet_ice01.alo,W_planet_Asteroids.alo,50,Yes,4
Xo,3,_Space_Planet_AbregadoRae_01.ted,_Land_Planet_AbregadoRae_02.ted,3,291,1240,W_planet_Forest01.alo,W_planet_Asteroids.alo,50,Yes,2
Yaga_Minor,3,_Space_Planet_AbregadoRae_01.ted,_Land_Planet_AbregadoRae_02.ted,3,-220,920,W_planet_alderaan_low.alo,W_planet_Asteroids.alo,50,Yes,0
YagDhul,3,_Space_Planet_AbregadoRae_01.ted,_Land_Planet_AbregadoRae_02.ted,3,61,-463,W_planet_Volcanic01.alo,W_planet_Asteroids.alo,50,Yes,1
Yashuvhu,3,_Space_Planet_AbregadoRae_01.ted,_Land_Planet_AbregadoRae_02.ted,3,-750,210,W_planet_Forest01.alo,W_planet_Asteroids.alo,50,Yes,2
Yavin,1,_Space_Planet_Yavin_01.ted,_Land_Planet_Yavin_02.ted,3,745,802,W_planet_yavinIV_low.alo,W_planet_Asteroids.alo,50,Yes,5
Yinchorr,3,_Space_Planet_AbregadoRae_01.ted,_Land_Planet_AbregadoRae_02.ted,3,3,419,W_planet_utapau_low.alo,W_planet_Asteroids.alo,50,Yes,1
Ylesia,3,_Space_Planet_AbregadoRae_01.ted,_Land_Planet_AbregadoRae_02.ted,3,1343,-132,W_planet_alderaan_low.alo,W_planet_Asteroids.alo,50,Yes,5
Yoggoy,3,_Space_Planet_AbregadoRae_01.ted,_Land_Planet_AbregadoRae_02.ted,3,-450,615,W_planet_alderaan_low.alo,W_planet_Asteroids.alo,50,Yes,0
Zakuul,3,_Space_Planet_AbregadoRae_01.ted,_Land_Planet_AbregadoRae_02.ted,3,-992,-270,W_planet_dagobah_low.alo,W_planet_Asteroids.alo,50,Yes,6
Zanbar,3,_Space_Planet_AbregadoRae_01.ted,_Land_Planet_AbregadoRae_02.ted,3,600,610,W_planet_dagobah_low.alo,W_planet_Asteroids.alo,50,Yes,2
Zfell,3,_Space_Planet_AbregadoRae_01.ted,_Land_Planet_AbregadoRae_02.ted,3,-285,-50,W_planet_alderaan_low.alo,W_planet_Asteroids.alo,50,Yes,8
Zonoma,3,_Space_Planet_AbregadoRae_01.ted,_Land_Planet_AbregadoRae_02.ted,3,-807,150,W_planet_dagobah_low.alo,W_planet_Asteroids.alo,50,Yes,5
Zonoma_30BBY,3,_Space_Planet_AbregadoRae_01.ted,_Land_Planet_AbregadoRae_02.ted,3,100,1300,W_planet_dagobah_low.alo,W_planet_Asteroids.alo,50,Yes,5
Zosha,3,_Space_Planet_AbregadoRae_01.ted,_Land_Planet_AbregadoRae_02.ted,3,-730,700,,W_planet_Asteroids.alo,50,Yes,0
Abridon,3,_Space_Planet_AbregadoRae_01.ted,_Land_Planet_AbregadoRae_02.ted,3,-231,-941,W_planet_alderaan_low.alo,W_planet_Asteroids.alo,50,Yes,0
Aguarl,3,_Space_Planet_AbregadoRae_01.ted,_Land_Planet_AbregadoRae_02.ted,3,392,-499,W_planet_Moncalamari01.alo,W_planet_Asteroids.alo,50,Yes,0
Akuria,3,_Space_Planet_AbregadoRae_01.ted,_Land_Planet_AbregadoRae_02.ted,3,171,930,W_planet_ice01.alo,W_planet_Asteroids.alo,50,Yes,4
Aturi,3,_Space_Planet_AbregadoRae_01.ted,_Land_Planet_AbregadoRae_02.ted,3,580,-880,,W_planet_Asteroids.alo,50,Yes,8
Nulan,3,_Space_Planet_AbregadoRae_01.ted,_Land_Planet_AbregadoRae_02.ted,3,610,-835,,W_planet_Asteroids.alo,50,Yes,8
Udray,3,_Space_Planet_AbregadoRae_01.ted,_Land_Planet_AbregadoRae_02.ted,3,530,-870,,W_planet_Asteroids.alo,50,Yes,8
AX456,3,_Space_Planet_AbregadoRae_01.ted,_Land_Planet_AbregadoRae_02.ted,3,250,200,W_planet_Kessel_low.alo,W_planet_Asteroids.alo,50,Yes,1
Bannistar,3,_Space_Planet_AbregadoRae_01.ted,_Land_Planet_AbregadoRae_02.ted,3,582,-563,W_planet_alderaan_low.alo,W_planet_Asteroids.alo,50,Yes,6
Begeren,3,_Space_Planet_AbregadoRae_01.ted,_Land_Planet_AbregadoRae_02.ted,3,950,952,W_planet_Korriban01.alo,W_planet_Asteroids.alo,50,Yes,1
Bompreil,3,_Space_Planet_AbregadoRae_01.ted,_Land_Planet_AbregadoRae_02.ted,3,690,600,,W_planet_Asteroids.alo,50,Yes,8
Bresnia,3,_Space_Planet_AbregadoRae_01.ted,_Land_Planet_AbregadoRae_02.ted,3,860,-375,,W_planet_Asteroids.alo,50,Yes,8
Brigia,3,_Space_Planet_AbregadoRae_01.ted,_Land_Planet_AbregadoRae_02.ted,3,1250,660,,W_planet_Asteroids.alo,50,Yes,8
Calonica,3,_Space_Planet_AbregadoRae_01.ted,_Land_Planet_AbregadoRae_02.ted,3,-75,-685,,W_planet_Asteroids.alo,50,Yes,8
Carosi,3,_Space_Planet_AbregadoRae_01.ted,_Land_Planet_AbregadoRae_02.ted,3,700,1010,W_planet_ice01.alo,W_planet_Asteroids.alo,50,Yes,4
Cron_Drift,3,_Space_Planet_AbregadoRae_01.ted,_Land_Planet_AbregadoRae_02.ted,3,1120,590,W_planet_Asteroids.alo,W_planet_Asteroids.alo,50,Yes,8
Dalron,3,_Space_Planet_AbregadoRae_01.ted,_Land_Planet_AbregadoRae_02.ted,3,-259,671,,W_planet_Asteroids.alo,50,Yes,8
Daluuj,3,_Space_Planet_AbregadoRae_01.ted,_Land_Planet_AbregadoRae_02.ted,3,1488,-253,W_planet_Korriban01.alo,W_planet_Asteroids.alo,50,Yes,1
Danuta,3,_Space_Planet_AbregadoRae_01.ted,_Land_Planet_AbregadoRae_02.ted,3,1140,257,W_planet_tatooine_low.alo,W_planet_Asteroids.alo,50,Yes,1
Datar,3,_Space_Planet_AbregadoRae_01.ted,_Land_Planet_AbregadoRae_02.ted,3,50,400,W_planet_yavinIV_low.alo,W_planet_Asteroids.alo,50,Yes,5
Dentaal,3,_Space_Planet_AbregadoRae_01.ted,_Land_Planet_AbregadoRae_02.ted,3,-100,-320,W_planet_yavinIV_low.alo,W_planet_Asteroids.alo,50,Yes,5
Tingel_Deepspace_Besh,3,_Space_Planet_AbregadoRae_01.ted,_Land_Planet_AbregadoRae_02.ted,3,680,-280,,W_planet_Asteroids.alo,50,Yes,8
Despayre,3,_Space_Planet_AbregadoRae_01.ted,_Land_Planet_AbregadoRae_02.ted,3,50,900,W_planet_yavinIV_low.alo,W_planet_Asteroids.alo,50,Yes,5
Doniphon,3,_Space_Planet_AbregadoRae_01.ted,_Land_Planet_AbregadoRae_02.ted,3,800,1080,,W_planet_Asteroids.alo,50,Yes,8
Ejolus,3,_Space_Planet_AbregadoRae_01.ted,_Land_Planet_AbregadoRae_02.ted,3,203,435,,W_planet_Asteroids.alo,50,Yes,8
Fara,3,_Space_Planet_AbregadoRae_01.ted,_Land_Planet_AbregadoRae_02.ted,3,790,650,,W_planet_Asteroids.alo,50,Yes,8
Feswe_Prime,3,_Space_Planet_AbregadoRae_01.ted,_Land_Planet_AbregadoRae_02.ted,3,660,800,,W_planet_Asteroids.alo,50,Yes,8
Gelgelar,3,_Space_Planet_AbregadoRae_01.ted,_Land_Planet_AbregadoRae_02.ted,3,160,-1060,,W_planet_Asteroids.alo,50,Yes,8
Gendrah_Narvin,3,_Space_Planet_AbregadoRae_01.ted,_Land_Planet_AbregadoRae_02.ted,3,370,-245,,W_planet_Asteroids.alo,50,Yes,8
Gerrard,3,_Space_Planet_AbregadoRae_01.ted,_Land_Planet_AbregadoRae_02.ted,3,-35,-250,,W_planet_Asteroids.alo,50,Yes,8
Gestrex,3,_Space_Planet_AbregadoRae_01.ted,_Land_Planet_AbregadoRae_02.ted,3,1372,210,,W_planet_Asteroids.alo,50,Yes,8
Jazbina,3,_Space_Planet_AbregadoRae_01.ted,_Land_Planet_AbregadoRae_02.ted,3,175,475,,W_planet_Asteroids.alo,50,Yes,8
Jestan,3,_Space_Planet_AbregadoRae_01.ted,_Land_Planet_AbregadoRae_02.ted,3,135,464,,W_planet_Asteroids.alo,50,Yes,8
Kabal,3,_Space_Planet_AbregadoRae_01.ted,_Land_Planet_AbregadoRae_02.ted,3,335,-898,,W_planet_Asteroids.alo,50,Yes,8
Kalaan,3,_Space_Planet_AbregadoRae_01.ted,_Land_Planet_AbregadoRae_02.ted,3,-295,575,,W_planet_Asteroids.alo,50,Yes,8
Kalinda,3,_Space_Planet_AbregadoRae_01.ted,_Land_Planet_AbregadoRae_02.ted,3,484,-623,,W_planet_Asteroids.alo,50,Yes,8
Kattada,3,_Space_Planet_AbregadoRae_01.ted,_Land_Planet_AbregadoRae_02.ted,3,340,160,,W_planet_Asteroids.alo,50,Yes,8
Keskin,3,_Space_Planet_AbregadoRae_01.ted,_Land_Planet_AbregadoRae_02.ted,3,-290,-947,,W_planet_Asteroids.alo,50,Yes,8
Ketal,3,_Space_Planet_AbregadoRae_01.ted,_Land_Planet_AbregadoRae_02.ted,3,-5,-455,,W_planet_Asteroids.alo,50,Yes,8
Kile,3,_Space_Planet_AbregadoRae_01.ted,_Land_Planet_AbregadoRae_02.ted,3,1095,500,,W_planet_Asteroids.alo,50,Yes,8
Latharra,3,_Space_Planet_AbregadoRae_01.ted,_Land_Planet_AbregadoRae_02.ted,3,1207,-411,,W_planet_Asteroids.alo,50,Yes,8
Kostra,3,_Space_Planet_AbregadoRae_01.ted,_Land_Planet_AbregadoRae_02.ted,3,780,390,,W_planet_Asteroids.alo,50,Yes,8
Kriselist,3,_Space_Planet_AbregadoRae_01.ted,_Land_Planet_AbregadoRae_02.ted,3,-200,-700,,W_planet_Asteroids.alo,50,Yes,8
Laakteen,3,_Space_Planet_AbregadoRae_01.ted,_Land_Planet_AbregadoRae_02.ted,3,-80,-370,,W_planet_Asteroids.alo,50,Yes,8
Mhaeli,3,_Space_Planet_AbregadoRae_01.ted,_Land_Planet_AbregadoRae_02.ted,3,330,-600,,W_planet_Asteroids.alo,50,Yes,8
Maldra,3,_Space_Planet_AbregadoRae_01.ted,_Land_Planet_AbregadoRae_02.ted,3,1487,438,,W_planet_Asteroids.alo,50,Yes,8
Miztoc,3,_Space_Planet_AbregadoRae_01.ted,_Land_Planet_AbregadoRae_02.ted,3,-70,-751,,W_planet_Asteroids.alo,50,Yes,8
Movris,3,_Space_Planet_AbregadoRae_01.ted,_Land_Planet_AbregadoRae_02.ted,3,180,680,,W_planet_Asteroids.alo,50,Yes,8
Nentan,3,_Space_Planet_AbregadoRae_01.ted,_Land_Planet_AbregadoRae_02.ted,3,-145,507,,W_planet_Asteroids.alo,50,Yes,8
Nez_Peron,3,_Space_Planet_AbregadoRae_01.ted,_Land_Planet_AbregadoRae_02.ted,3,519,835,,W_planet_Asteroids.alo,50,Yes,8
Nocto,3,_Space_Planet_AbregadoRae_01.ted,_Land_Planet_AbregadoRae_02.ted,3,155,-1120,,W_planet_Asteroids.alo,50,Yes,8
Orion,3,_Space_Planet_AbregadoRae_01.ted,_Land_Planet_AbregadoRae_02.ted,3,1245,595,,W_planet_Asteroids.alo,50,Yes,8
Porchello,3,_Space_Planet_AbregadoRae_01.ted,_Land_Planet_AbregadoRae_02.ted,3,-249,-795,,W_planet_Asteroids.alo,50,Yes,8
Praadost,3,_Space_Planet_AbregadoRae_01.ted,_Land_Planet_AbregadoRae_02.ted,3,709,940,,W_planet_Asteroids.alo,50,Yes,8
Ralltiir,3,_Space_Planet_AbregadoRae_01.ted,_Land_Planet_AbregadoRae_02.ted,3,190,220,,W_planet_Asteroids.alo,50,Yes,8
Rion,3,_Space_Planet_AbregadoRae_01.ted,_Land_Planet_AbregadoRae_02.ted,3,1420,190,,W_planet_Asteroids.alo,50,Yes,8
Rudrig,3,_Space_Planet_AbregadoRae_01.ted,_Land_Planet_AbregadoRae_02.ted,3,1280,760,,W_planet_Asteroids.alo,50,Yes,8
Sagma,3,_Space_Planet_AbregadoRae_01.ted,_Land_Planet_AbregadoRae_02.ted,3,760,995,,W_planet_Asteroids.alo,50,Yes,8
Sanjin,3,_Space_Planet_AbregadoRae_01.ted,_Land_Planet_AbregadoRae_02.ted,3,150,-270,,W_planet_Asteroids.alo,50,Yes,8
Sarko,3,_Space_Planet_AbregadoRae_01.ted,_Land_Planet_AbregadoRae_02.ted,3,450,-208,,W_planet_Asteroids.alo,50,Yes,8
Sellasas,3,_Space_Planet_AbregadoRae_01.ted,_Land_Planet_AbregadoRae_02.ted,3,-30,-950,,W_planet_Asteroids.alo,50,Yes,8
Shadren,3,_Space_Planet_AbregadoRae_01.ted,_Land_Planet_AbregadoRae_02.ted,3,600,700,,W_planet_Asteroids.alo,50,Yes,8
Shaylin,3,_Space_Planet_AbregadoRae_01.ted,_Land_Planet_AbregadoRae_02.ted,3,1350,710,,W_planet_Asteroids.alo,50,Yes,8
Solaest,3,_Space_Planet_AbregadoRae_01.ted,_Land_Planet_AbregadoRae_02.ted,3,640,690,,W_planet_Asteroids.alo,50,Yes,8
Solem,3,_Space_Planet_AbregadoRae_01.ted,_Land_Planet_AbregadoRae_02.ted,3,-200,-1020,,W_planet_Asteroids.alo,50,Yes,8
Syni,3,_Space_Planet_AbregadoRae_01.ted,_Land_Planet_AbregadoRae_02.ted,3,700,-1070,,W_planet_Asteroids.alo,50,Yes,8
Talay,3,_Space_Planet_AbregadoRae_01.ted,_Land_Planet_AbregadoRae_02.ted,3,915,-640,,W_planet_Asteroids.alo,50,Yes,8
Thila,3,_Space_Planet_AbregadoRae_01.ted,_Land_Planet_AbregadoRae_02.ted,3,816,1002,,W_planet_Asteroids.alo,50,Yes,8
Ton_Falk,3,_Space_Planet_AbregadoRae_01.ted,_Land_Planet_AbregadoRae_02.ted,3,1320,860,,W_planet_Asteroids.alo,50,Yes,8
Toprawa,3,_Space_Planet_AbregadoRae_01.ted,_Land_Planet_AbregadoRae_02.ted,3,680,860,,W_planet_Asteroids.alo,50,Yes,8
Turak,3,_Space_Planet_AbregadoRae_01.ted,_Land_Planet_AbregadoRae_02.ted,3,585,-935,,W_planet_Asteroids.alo,50,Yes,8
Turcan,3,_Space_Planet_AbregadoRae_01.ted,_Land_Planet_AbregadoRae_02.ted,3,530,-940,,W_planet_Asteroids.alo,50,Yes,8
Turkana,3,_Space_Planet_AbregadoRae_01.ted,_Land_Planet_AbregadoRae_02.ted,3,1340,785,,W_planet_Asteroids.alo,50,Yes,8
Bajic,3,_Space_Planet_AbregadoRae_01.ted,_Land_Planet_AbregadoRae_02.ted,3,680,-900,,W_planet_Asteroids.alo,50,Yes,8
Xa_Fel,3,_Space_Planet_AbregadoRae_01.ted,_Land_Planet_AbregadoRae_02.ted,3,-155,195,,W_planet_Asteroids.alo,50,Yes,8
Lakra,3,_Space_Planet_AbregadoRae_01.ted,_Land_Planet_AbregadoRae_02.ted,3,-385,655,,W_planet_Asteroids.alo,50,Yes,8
Sunrise,3,_Space_Planet_AbregadoRae_01.ted,_Land_Planet_AbregadoRae_02.ted,3,-595,245,,W_planet_Asteroids.alo,50,Yes,8
Hoxim,3,_Space_Planet_AbregadoRae_01.ted,_Land_Planet_AbregadoRae_02.ted,3,-700,130,,W_planet_Asteroids.alo,50,Yes,8
Ardis,3,_Space_Planet_AbregadoRae_01.ted,_Land_Planet_AbregadoRae_02.ted,3,-630,1100,,W_planet_Asteroids.alo,50,Yes,8
Bormter,3,_Space_Planet_AbregadoRae_01.ted,_Land_Planet_AbregadoRae_02.ted,3,-500,-480,,W_planet_Asteroids.alo,50,Yes,8
Relephon,3,_Space_Planet_AbregadoRae_01.ted,_Land_Planet_AbregadoRae_02.ted,3,490,190,W_planet_Moncalamari01.alo,W_planet_Asteroids.alo,50,Yes,6
Shedu_Maad,3,_Space_Planet_AbregadoRae_01.ted,_Land_Planet_AbregadoRae_02.ted,3,610,220,W_planet_Forest01.alo,W_planet_Asteroids.alo,50,Yes,0
Gallinore,3,_Space_Planet_AbregadoRae_01.ted,_Land_Planet_AbregadoRae_02.ted,3,525,280,W_planet_yavinIV_low.alo,W_planet_Asteroids.alo,50,Yes,0
Roqoo,3,_Space_Planet_AbregadoRae_01.ted,_Land_Planet_AbregadoRae_02.ted,3,640,260,W_planet_Gas01.alo,W_planet_Asteroids.alo,50,Yes,8